state,action_0,action_1,action_2,action_3
0,0.0,0.0,0.0,0.0
1,0.0,0.0,0.0,0.0
2,0.0,0.0,0.0,0.0
3,-0.5791000000000001,-0.42000000000000004,-0.49100000000000005,-0.4
4,-0.5991000000000001,-0.42000000000000004,-0.4000000000000001,-0.5810000000000001
5,-0.8415272050000002,-0.8400000000000003,-0.7000000000000002,-0.8000000000000002
6,0.0,0.0,0.0,0.0
7,-0.9080000000000001,-0.6200000000000001,-0.8000000000000002,-0.9000000000000001
8,0.0,0.0,0.0,0.0
9,-1.1711,-0.8200000000000001,-0.9000000000000001,-0.8
10,-1.1711,-0.8200000000000001,-0.9000000000000001,-0.8
11,-2.1475909,-2.0500000000000003,-2.0879000000000003,-2.0000000000000004
12,-0.41463000000000005,-0.42000000000000004,-0.4000000000000001,-0.4
13,-0.399,-0.21000000000000002,-0.30000000000000004,-0.4
14,-0.7030710000000001,-0.8400000000000003,-0.8775190000000003,-0.8000000000000002
15,-0.5690000000000001,-0.31000000000000005,-0.4,-0.6000000000000001
16,-0.5690000000000001,-0.31000000000000005,-0.4,-0.30000000000000004
17,-0.5531000000000001,0.0,0.0,0.0
18,-1.1111,-0.8200000000000001,-0.9000000000000001,-0.8
19,-1.5988545699999999,-1.6400000000000001,-1.5000000000000004,-1.6000000000000003
20,-0.7789999999999999,-0.41,-0.6000000000000001,-0.8
21,0.0,0.0,0.0,0.0
22,-0.51,0.0,0.0,0.0
23,-0.51,0.0,0.0,0.0
24,-0.5890000000000002,-0.31000000000000005,-0.4,-0.6000000000000001
25,-0.31000000000000005,0.0,0.0,0.0
26,0.0,0.0,0.0,0.0
27,-0.729,-0.41,-0.30000000000000004,-0.4
28,-0.7789999999999999,-0.41,-0.6000000000000001,-0.8
29,-1.1111,-0.8200000000000001,-0.9000000000000001,-0.8
30,-0.51,0.0,0.0,0.0
31,-1.6632790000000002,-1.5249000000000001,-1.6000000000000003,-1.5
32,0.0,0.0,0.0,0.0
33,-1.55449,-1.2200000000000002,-1.5,-1.7929000000000004
34,-2.281191,-2.4400000000000004,-2.4560000000000004,-2.4000000000000004
35,-1.13679,-0.61,-1.0,-1.2000000000000002
36,-1.417516075,-1.6400000000000001,-1.5000000000000004,-1.6000000000000003
37,-0.7736700815,-0.8200000000000001,-0.9000000000000001,-0.8
38,-0.35865656895051123,-0.8200000000000001,-0.9000000000000001,-0.8
39,0.0,0.0,0.0,0.0
40,0.0,0.0,0.0,0.0
41,0.0,0.0,0.0,0.0
42,-0.61,0.0,0.0,0.0
43,-0.61,0.0,0.0,0.0
44,-1.5879780000000001,-1.2200000000000002,-1.5,-1.2000000000000002
45,0.0,0.0,0.0,0.0
46,-2.26169,-2.13,-2.4000000000000004,-2.1000000000000005
47,-0.71,0.0,0.0,0.0
48,-0.21000000000000002,-0.21000000000000002,3.2698502832608005,0.0
49,-0.21000000000000002,0.0,0.8158605000000001,-0.143
50,-0.21000000000000002,-0.21000000000000002,0.8130000000000002,0.0
51,-0.31000000000000005,0.0,0.0,0.0
52,0.0,0.0,0.0,0.0
53,-0.5890000000000002,-0.31000000000000005,0.3708,0.0
54,-0.41,-0.7689999999999999,0.22000000000000003,0.0
55,-0.41,-0.41,0.18309999999999998,0.0
56,-0.41,-0.41,0.11398999999999998,0.0
57,-0.51,-0.51,0.020000000000000004,0.0
58,-0.51,-0.51,-0.041,0.0
59,-0.51,-0.51,-0.36821000000000015,-0.5
60,-0.31000000000000005,0.0,0.0,0.0
61,-0.5690000000000001,-0.31000000000000005,0.2,0.0
62,-0.31000000000000005,-0.31000000000000005,0.4831000000000001,0.0
63,-0.41,-0.41,0.22000000000000003,0.0
64,-0.41,0.0,0.0,0.0
65,-0.41,0.0,0.0,0.0
66,-0.51,0.0,0.0,0.0
67,-0.51,0.0,0.0,0.0
68,-0.51,-0.51,0.0,0.0
69,-0.61,-0.61,-0.1,0.0
70,0.0,0.0,0.0,0.0
71,-0.61,-0.61,-0.24100000000000005,-0.6000000000000001
72,-0.41,0.0,0.0,0.0
73,-0.41,-0.41,0.1,0.0
74,-0.41,-0.41,0.1,0.0
75,-0.51,-0.9690000000000001,0.020000000000000004,0.0
76,-0.51,-0.51,0.0,0.0
77,-0.51,0.0,0.0,0.0
78,-0.61,-0.61,-0.261,-0.6000000000000001
79,-0.61,-0.61,-0.1,-0.6000000000000001
80,-0.61,-0.61,-0.1,0.0
81,0.0,0.0,0.0,0.0
82,-0.71,-0.71,-0.44100000000000006,-0.7000000000000001
83,0.0,0.0,0.0,0.0
84,-0.9690000000000001,-0.51,0.0,0.0
85,-0.51,-0.51,0.0,0.0
86,-0.51,-0.51,-0.041,0.0
87,-0.61,0.0,0.0,0.0
88,-0.61,-0.61,-0.1,0.0
89,0.0,0.0,0.0,0.0
90,-0.71,-0.71,-0.2,0.0
91,0.0,0.0,0.0,0.0
92,-0.71,-0.71,-0.7169000000000001,-0.7000000000000001
93,0.0,0.0,0.0,0.0
94,-1.5390000000000001,-0.81,0.0,0.0
95,-0.81,-0.81,-0.30000000000000004,0.0
96,-0.31000000000000005,-0.5019000000000001,2.0352215599,0.0
97,-0.31000000000000005,-0.31000000000000005,1.1659559000000002,0.0
98,-0.31000000000000005,-0.31000000000000005,2.8113540000000006,0.0
99,-0.41,-0.41,0.5,0.0
100,-0.7789999999999999,-0.41,0.5,0.0
101,0.0,0.0,0.0,0.0
102,-0.51,-0.51,0.8400000000000001,0.0
103,-0.51,-0.51,0.7290000000000001,0.0
104,-0.51,-0.51,0.4,0.0
105,-0.61,-0.61,0.7597,-0.5700000000000001
106,-0.61,-0.61,0.30000000000000004,0.0
107,-0.61,-0.61,0.2889999999999999,0.0
108,-0.41,0.0,0.0,0.0
109,0.0,0.0,0.929,0.0
110,-0.41,-0.41,0.95,0.0
111,-0.51,-0.51,0.4,0.0
112,-0.51,-0.51,0.4,0.0
113,0.0,0.0,0.0,0.0
114,0.0,0.0,0.0,0.0
115,-0.61,-0.61,0.30000000000000004,0.0
116,-0.61,0.0,0.0,0.0
117,0.0,0.0,0.0,0.0
118,-0.71,-0.71,0.2,0.0
119,-0.71,-0.71,0.44200000000000006,0.0
120,-0.51,-0.51,0.8369000000000001,0.0
121,-0.51,-0.51,0.9961000000000002,0.0
122,-0.51,-0.51,0.4,0.0
123,-0.61,-0.61,0.6400000000000001,0.0
124,-0.61,-0.61,0.5290000000000001,0.0
125,-0.61,0.0,0.0,0.0
126,-0.71,-0.71,0.2,0.0
127,-0.71,-0.71,0.2,0.0
128,-0.71,-0.71,0.2,0.0
129,-0.81,0.0,0.0,0.0
130,-0.81,0.0,0.0,0.0
131,-0.81,0.0,0.0,0.0
132,-0.61,-0.61,0.30000000000000004,0.0
133,-0.61,-0.61,0.5290000000000001,-0.6000000000000001
134,-0.61,0.0,0.0,0.0
135,-0.65,-0.71,0.2,-0.7000000000000001
136,0.0,0.0,0.17977999,0.0
137,-0.71,0.0,0.0,0.0
138,-0.81,-0.81,0.24000000000000005,0.0
139,-1.5390000000000001,-0.81,0.0,0.0
140,-0.81,-0.81,0.1,0.0
141,-0.91,0.0,0.0,0.0
142,-0.91,-0.91,0.0,0.0
143,-0.91,-1.729,0.0,0.0
144,-0.41,-0.41,6.60818778128811,0.0
145,-0.41,-0.41,1.7297500000000001,-0.5890000000000002
146,-0.859,-0.41,2.439,0.0
147,0.0,0.0,3.4834000000000005,0.0
148,-0.51,-0.51,2.6950920000000003,0.0
149,-0.51,-0.51,0.8,0.0
150,-0.61,0.0,0.0,0.0
151,-0.61,-0.61,2.6919883900000006,0.0
152,-0.61,-0.61,1.7491000000000003,0.0
153,-0.71,-0.71,1.2600000000000002,0.0
154,-0.71,-0.71,0.6000000000000001,-0.7000000000000001
155,-1.469,-0.71,0.0,0.0
156,-0.51,-0.51,2.556,0.0
157,-0.51,-0.51,0.8,-0.5
158,0.0,0.0,0.77,0.0
159,0.0,0.0,2.261,0.0
160,-0.61,-0.61,1.29,0.0
161,-0.61,0.0,0.0,0.0
162,-0.71,-0.71,0.6000000000000001,0.0
163,-0.71,-0.71,0.6000000000000001,0.0
164,-0.71,-0.71,0.909,0.0
165,-0.81,0.0,1.06,0.0
166,-0.81,-0.81,0.5,-0.8
167,-0.81,-0.81,0.8500000000000001,0.0
168,-0.5704,-0.61,0.9411100000000001,0.0
169,0.0,0.0,0.0,0.0
170,-0.61,-0.61,0.7000000000000001,0.0
171,0.0,0.0,0.0,0.0
172,-0.71,-0.71,0.6000000000000001,0.0
173,-0.71,-0.71,0.6000000000000001,0.0
174,-1.5290000000000001,0.0,0.0,0.0
175,-0.81,0.0,0.0,0.0
176,-0.81,0.0,0.0,0.0
177,-0.91,-0.91,0.4,0.0
178,0.0,0.0,0.0,0.0
179,0.0,0.0,0.0,0.0
180,-0.71,0.0,0.0,0.0
181,-0.71,-0.71,1.0990000000000002,0.0
182,-0.71,-0.71,1.0990000000000002,-0.7000000000000001
183,-0.81,0.0,0.0,0.0
184,-1.489,-0.81,0.899,0.0
185,-0.81,-0.81,0.5,0.0
186,-0.91,0.0,0.0,0.0
187,-0.91,-0.91,0.4,0.0
188,-0.91,-0.91,0.4,0.0
189,-1.01,-1.01,0.6600000000000001,0.0
190,-1.01,0.0,0.0,0.0
191,0.0,0.0,0.0,0.0
192,-0.20900000000000002,-0.24821263005000002,0.30628975550000004,3.85616037725195
193,0.15002400000000002,-0.29810000000000003,0.0,0.0
194,-0.7893275098709001,-0.57387341,0.0,-0.5217031000000001
195,-0.21000000000000002,-0.21000000000000002,-0.1,0.36000000000000004
196,-0.21000000000000002,0.0,0.0,0.0
197,-1.14229406639,-1.0490000000000002,-1.0000000000000004,-1.1800000000000002
198,-0.5890000000000002,-0.31000000000000005,-0.2,0.5700000000000001
199,-0.9689810000000003,-0.9300000000000002,-0.8000000000000002,-0.9000000000000001
200,-1.8647777100000007,-1.8580000000000003,-1.8000000000000007,-1.8000000000000005
201,-0.41,-0.41,-0.30000000000000004,0.30000000000000004
202,-1.04669,-0.8200000000000001,-0.9000000000000001,-1.161
203,-2.6306505000000002,-2.4600000000000004,-2.400000000000001,-2.4000000000000004
204,-0.21000000000000002,0.0,0.0,0.0
205,-0.399,-0.21000000000000002,-0.30000000000000004,-0.5810000000000001
206,-0.6335264062,-0.6279000000000001,-0.5000000000000001,-0.6000000000000001
207,-0.31000000000000005,-0.31000000000000005,-0.2,0.5700000000000001
208,0.0,0.0,0.0,0.0
209,0.0,0.0,0.0,0.0
210,0.0,0.0,0.0,0.0
211,0.0,0.0,0.0,0.0
212,-0.7789999999999999,-0.41,-0.8810000000000002,-0.8
213,-0.51,-0.51,-0.4,0.1
214,0.0,0.0,0.0,0.0
215,-1.3821,-1.02,-1.171,-1.0
216,0.0,0.0,0.0,0.0
217,-0.5890000000000002,-0.31000000000000005,-0.4,-0.6000000000000001
218,-0.5890000000000002,-0.31000000000000005,-0.4,-0.6000000000000001
219,-0.41,0.0,0.0,0.38
220,-0.41,0.0,0.0,0.0
221,0.0,0.0,0.0,0.0
222,-0.9690000000000001,-0.51,-0.4,0.19
223,-0.9690000000000001,-0.51,-0.76,-1.0
224,-0.9690000000000001,-0.51,-0.8,-1.0
225,0.0,0.0,0.0,0.0
226,-1.59058,-1.8080000000000003,-1.5,-1.2000000000000002
227,0.0,0.0,0.0,0.0
228,-0.41,-0.41,-0.30000000000000004,0.12
229,-0.7789999999999999,-0.41,-0.30000000000000004,0.0
230,-1.0611,-0.8200000000000001,-0.9000000000000001,-1.161
231,0.0,0.0,0.0,0.0
232,-0.51,0.0,-0.4,0.0
233,0.0,0.0,0.0,0.0
234,-0.61,-0.61,-0.5,0.0
235,0.0,0.0,0.0,0.0
236,-2.02896,-1.8300000000000005,-1.9659,-1.8000000000000003
237,0.0,0.0,0.0,0.0
238,0.0,0.0,0.0,0.0
239,-1.349,-0.71,-1.2000000000000002,-1.4000000000000001
240,-0.21000000000000002,-0.21000000000000002,2.251973563519001,0.0
241,-0.21000000000000002,0.0,0.0,0.0
242,0.0,0.0,0.0,0.0
243,-0.31000000000000005,0.0,0.0,0.0
244,-0.31000000000000005,0.0,0.0,0.0
245,-0.31000000000000005,0.0,0.0,0.0
246,-0.41,0.0,0.0,0.0
247,-0.41,0.0,0.0,0.0
248,-0.41,0.0,0.0,0.0
249,0.0,0.0,0.0,0.0
250,0.0,0.0,0.0,0.0
251,-0.51,0.0,0.0,0.0
252,-0.31000000000000005,0.0,0.0,0.0
253,0.0,0.0,0.0,0.0
254,0.0,0.0,0.0,0.0
255,0.0,0.0,0.0,0.0
256,0.0,0.0,0.0,0.0
257,0.0,0.0,0.0,0.0
258,0.0,0.0,0.0,0.0
259,0.0,0.0,0.0,0.0
260,0.0,0.0,0.0,0.0
261,0.0,0.0,0.0,0.0
262,0.0,0.0,0.0,0.0
263,0.0,0.0,0.0,0.0
264,-0.41,0.0,0.0,0.0
265,-0.41,0.0,0.0,-0.4
266,0.0,0.0,0.0,0.0
267,0.0,0.0,0.0,0.0
268,0.0,0.0,0.0,0.0
269,0.0,0.0,0.0,0.0
270,0.0,0.0,0.0,0.0
271,0.0,0.0,0.0,0.0
272,0.0,0.0,0.0,0.0
273,0.0,0.0,0.0,0.0
274,0.0,0.0,0.0,0.0
275,0.0,0.0,0.0,0.0
276,0.0,0.0,0.0,0.0
277,0.0,0.0,0.0,0.0
278,0.0,0.0,0.0,0.0
279,0.0,0.0,0.0,0.0
280,0.0,0.0,0.0,0.0
281,0.0,0.0,0.0,0.0
282,0.0,0.0,0.0,0.0
283,0.0,0.0,0.0,0.0
284,0.0,0.0,0.0,0.0
285,0.0,0.0,0.0,0.0
286,0.0,0.0,0.0,0.0
287,0.0,0.0,0.0,0.0
288,-0.31000000000000005,-0.5890000000000002,5.386475372455464,0.0
289,-0.31000000000000005,0.0,0.0,-0.30000000000000004
290,0.0,0.0,0.0,0.0
291,-0.41,0.0,0.0,0.0
292,0.0,0.0,0.0,0.0
293,0.0,0.0,0.0,0.0
294,0.0,0.0,0.0,0.0
295,0.0,0.0,0.0,0.0
296,-0.51,-0.51,0.31,0.0
297,0.0,0.0,0.0,0.0
298,-0.61,0.0,0.0,0.0
299,-0.61,-0.61,0.20999999999999996,0.0
300,-0.41,0.0,0.0,0.0
301,-0.41,0.0,0.0,0.0
302,0.0,0.0,0.0,0.0
303,0.0,0.0,0.0,0.0
304,0.0,0.0,0.0,0.0
305,0.0,0.0,0.0,0.0
306,0.0,0.0,0.0,0.0
307,0.0,0.0,0.0,0.0
308,0.0,0.0,0.0,0.0
309,0.0,0.0,0.0,0.0
310,0.0,0.0,0.0,0.0
311,0.0,0.0,0.0,0.0
312,0.0,0.0,0.0,0.0
313,-0.51,0.0,0.0,0.0
314,0.0,0.0,0.0,0.0
315,0.0,0.0,0.0,0.0
316,0.0,0.0,0.0,0.0
317,0.0,0.0,0.0,0.0
318,0.0,0.0,0.0,0.0
319,0.0,0.0,0.0,0.0
320,0.0,0.0,0.0,0.0
321,0.0,0.0,0.0,0.0
322,0.0,0.0,0.0,0.0
323,0.0,0.0,0.0,0.0
324,-0.61,0.0,0.0,0.0
325,-0.61,0.0,0.0,0.0
326,0.0,0.0,0.0,0.0
327,0.0,0.0,0.0,0.0
328,0.0,0.0,0.0,0.0
329,0.0,0.0,0.0,0.0
330,0.0,0.0,0.0,0.0
331,0.0,0.0,0.0,0.0
332,0.0,0.0,0.0,0.0
333,0.0,0.0,0.0,0.0
334,0.0,0.0,0.0,0.0
335,0.0,0.0,0.0,0.0
336,-0.41,-0.5104706971949563,4.107526265444285,0.0
337,-0.41,0.0,0.0,0.0
338,-0.41,-0.41,0.45,0.0
339,0.0,0.0,0.0,0.0
340,0.0,0.0,0.0,0.0
341,-0.51,0.0,0.0,0.0
342,-0.61,-0.61,0.30000000000000004,0.0
343,-0.61,0.0,0.0,0.0
344,-0.61,-0.61,0.30000000000000004,0.0
345,0.0,0.0,0.0,0.0
346,0.0,0.0,0.0,0.0
347,0.0,0.0,0.0,0.0
348,-0.51,0.0,0.0,0.0
349,0.0,0.0,0.0,0.0
350,0.0,0.0,0.0,0.0
351,0.0,0.0,0.0,0.0
352,0.0,0.0,0.0,0.0
353,0.0,0.0,0.0,0.0
354,0.0,0.0,0.0,0.0
355,0.0,0.0,0.0,0.0
356,0.0,0.0,0.0,0.0
357,0.0,0.0,0.0,0.0
358,0.0,0.0,0.0,0.0
359,0.0,0.0,0.0,0.0
360,-0.61,0.0,0.0,0.0
361,-0.61,0.0,0.0,0.0
362,0.0,0.0,0.0,0.0
363,0.0,0.0,0.0,0.0
364,0.0,0.0,0.0,0.0
365,0.0,0.0,0.0,0.0
366,0.0,0.0,0.0,0.0
367,0.0,0.0,0.0,0.0
368,0.0,0.0,0.0,0.0
369,0.0,0.0,0.0,0.0
370,0.0,0.0,0.0,0.0
371,0.0,0.0,0.0,0.0
372,-0.71,0.0,0.0,0.0
373,-0.71,0.0,0.0,0.0
374,0.0,0.0,0.0,0.0
375,0.0,0.0,0.0,0.0
376,0.0,0.0,0.0,0.0
377,0.0,0.0,0.0,0.0
378,0.0,0.0,0.0,0.0
379,0.0,0.0,0.0,0.0
380,0.0,0.0,0.0,0.0
381,0.0,0.0,0.0,0.0
382,0.0,0.0,0.0,0.0
383,0.0,0.0,0.0,0.0
384,-0.15953700000000004,-0.11000000000000001,0.0,7.7123207545039
385,0.6931358900000002,-0.11000000000000001,0.0,0.0
386,-0.5758518765166256,-0.8961677792262975,0.0,-0.40951000000000004
387,-0.21000000000000002,-0.21000000000000002,-0.1,1.634
388,-0.30900000000000005,0.0,0.0,0.0
389,-0.21000000000000002,0.0,0.0,0.0
390,-0.31000000000000005,-0.31000000000000005,-0.2,1.52
391,-0.5834999000000002,-0.6200000000000001,-0.6000000000000001,-0.6000000000000001
392,-0.8981000000000003,-0.9280000000000002,-0.9800000000000002,-0.9000000000000001
393,-0.41,-0.41,-0.30000000000000004,2.3273
394,-0.7789999999999999,-0.41,-0.6000000000000001,-0.8
395,-2.698976752,-2.4269999999999996,-2.3854800000000007,-2.4000000000000004
396,0.0,0.0,0.0,0.9
397,-0.38781615000000014,-0.42000000000000004,-0.39100000000000007,-0.4
398,-0.5691,-0.42000000000000004,-0.4000000000000001,-0.4
399,0.0,0.0,0.0,0.769
400,-0.5890000000000002,-0.31000000000000005,-0.4,-0.6000000000000001
401,0.0,0.0,0.0,0.0
402,0.0,0.0,0.0,0.0
403,-0.7789999999999999,-0.41,-0.6000000000000001,-0.8
404,0.0,0.0,0.0,0.0
405,0.0,0.0,0.0,0.0
406,-0.51,0.0,0.0,0.0
407,-1.7616800000000001,-2.004,-1.5700000000000003,-1.5
408,-0.31000000000000005,-0.31000000000000005,-0.30310000000000004,1.4611
409,-0.75394511098,-0.9300000000000002,-0.8000000000000002,-0.9000000000000001
410,-0.5890000000000002,-0.31000000000000005,-0.4,-0.6000000000000001
411,-0.41,-0.41,-0.30000000000000004,1.3000000000000003
412,-1.0880999999999998,-0.8200000000000001,-0.9000000000000001,-0.8
413,0.0,0.0,0.0,0.0
414,-0.51,-0.51,-0.4,0.6000000000000001
415,-0.9690000000000001,-0.51,-1.171,-1.0
416,-0.9690000000000001,-0.51,-0.8,-1.0
417,0.0,0.0,0.0,0.0
418,0.0,0.0,0.0,0.0
419,0.0,0.0,0.0,0.0
420,-0.41,-0.41,-0.30000000000000004,0.5582483925
421,-1.0701,-0.8200000000000001,-0.9000000000000001,-0.8
422,0.0,0.0,0.0,0.0
423,0.0,0.0,0.0,0.6000000000000001
424,-2.6854241290000003,-2.55,-2.7212100000000006,-3.0
425,0.0,0.0,0.0,0.0
426,-0.61,-0.61,-0.5,0.95
427,0.0,0.0,0.0,0.0
428,-1.6531000000000002,-1.2200000000000002,-1.5,-1.2000000000000002
429,0.0,0.0,0.0,0.0
430,-0.71,0.0,0.0,-0.7000000000000001
431,-1.349,-0.71,-1.7500000000000004,-1.4000000000000001
432,-0.21000000000000002,-0.21000000000000002,8.148247735432342,0.0
433,-0.21000000000000002,0.0,0.0,0.0
434,-0.21000000000000002,-0.21000000000000002,0.31227768583088,0.0
435,-0.31000000000000005,-0.31000000000000005,0.0,0.0
436,-0.31000000000000005,0.0,0.0,0.0
437,-0.31000000000000005,-0.31000000000000005,0.17,0.0
438,-0.41,-0.41,0.34700000000000003,0.0
439,-0.41,0.0,0.0,0.0
440,0.0,0.0,0.0,0.0
441,0.0,0.0,0.0,0.0
442,-0.51,0.0,0.0,0.0
443,0.0,0.0,0.0,0.0
444,-0.31000000000000005,0.0,0.0,0.0
445,-0.31000000000000005,0.0,0.0,0.0
446,0.0,0.0,0.0,0.0
447,0.0,0.0,0.0,0.0
448,0.0,0.0,0.0,0.0
449,0.0,0.0,0.0,0.0
450,0.0,0.0,0.0,0.0
451,0.0,0.0,0.0,0.0
452,0.0,0.0,0.0,0.0
453,0.0,0.0,0.0,0.0
454,0.0,0.0,0.0,0.0
455,0.0,0.0,0.0,0.0
456,-0.41,0.0,0.0,0.0
457,0.0,0.0,0.0,0.0
458,0.0,0.0,0.0,0.0
459,0.0,0.0,0.0,0.0
460,0.0,0.0,0.0,0.0
461,0.0,0.0,0.0,0.0
462,0.0,0.0,0.0,0.0
463,0.0,0.0,0.0,0.0
464,0.0,0.0,0.0,0.0
465,0.0,0.0,0.0,0.0
466,0.0,0.0,0.0,0.0
467,0.0,0.0,0.0,0.0
468,-0.51,0.0,0.0,0.0
469,-0.51,0.0,0.0,0.0
470,0.0,0.0,0.0,0.0
471,0.0,0.0,0.0,0.0
472,0.0,0.0,0.0,0.0
473,0.0,0.0,0.0,0.0
474,0.0,0.0,0.0,0.0
475,0.0,0.0,0.0,0.0
476,0.0,0.0,0.0,0.0
477,0.0,0.0,0.0,0.0
478,0.0,0.0,0.0,0.0
479,0.0,0.0,0.0,0.0
480,-0.31000000000000005,-0.31000000000000005,4.012339377578536,0.0
481,-0.31000000000000005,0.0,0.0,0.0
482,0.0,0.0,0.0,0.0
483,-0.41,-0.41,0.22999999999999998,0.0
484,0.0,0.0,0.0,0.0
485,0.0,0.0,0.0,0.0
486,-0.51,0.0,0.0,0.0
487,-0.51,0.0,0.0,0.0
488,0.0,0.0,0.0,0.0
489,-0.61,-0.61,-0.1,0.0
490,-0.61,0.0,0.0,0.0
491,-0.61,-0.61,-0.1,0.0
492,0.0,0.0,0.0,0.0
493,-0.41,0.0,0.0,-0.4
494,0.0,0.0,0.0,0.0
495,0.0,0.0,0.0,0.0
496,0.0,0.0,0.0,0.0
497,0.0,0.0,0.0,0.0
498,0.0,0.0,0.0,0.0
499,0.0,0.0,0.0,0.0
500,0.0,0.0,0.0,0.0
501,0.0,0.0,0.0,0.0
502,0.0,0.0,0.0,0.0
503,0.0,0.0,0.0,0.0
504,-0.51,0.0,0.0,0.0
505,-0.51,0.0,0.0,0.0
506,0.0,0.0,0.0,0.0
507,0.0,0.0,0.0,0.0
508,0.0,0.0,0.0,0.0
509,0.0,0.0,0.0,0.0
510,0.0,0.0,0.0,0.0
511,0.0,0.0,0.0,0.0
512,0.0,0.0,0.0,0.0
513,0.0,0.0,0.0,0.0
514,0.0,0.0,0.0,0.0
515,0.0,0.0,0.0,0.0
516,-0.61,0.0,0.0,0.0
517,0.0,0.0,0.0,0.0
518,0.0,0.0,0.0,0.0
519,0.0,0.0,0.0,0.0
520,0.0,0.0,0.0,0.0
521,0.0,0.0,0.0,0.0
522,0.0,0.0,0.0,0.0
523,0.0,0.0,0.0,0.0
524,0.0,0.0,0.0,0.0
525,0.0,0.0,0.0,0.0
526,0.0,0.0,0.0,0.0
527,0.0,0.0,0.0,0.0
528,-0.41,0.0,0.0,7.793530407122457
529,-0.41,0.0,0.0,0.0
530,-0.41,0.0,0.1,0.0
531,0.0,0.0,0.0,0.0
532,-0.51,0.0,0.0,0.0
533,-0.51,0.0,0.0,0.0
534,-0.61,-0.61,0.010000000000000009,0.0
535,0.0,0.0,0.0,0.0
536,-0.61,-0.61,-0.29000000000000004,-0.6000000000000001
537,-0.71,-0.71,-0.010000000000000009,0.0
538,0.0,0.0,0.0,0.0
539,0.0,0.0,0.0,0.0
540,-0.51,0.0,0.0,0.0
541,0.0,0.0,0.0,0.0
542,0.0,0.0,0.0,0.0
543,0.0,0.0,0.0,0.0
544,0.0,0.0,0.0,0.0
545,0.0,0.0,0.0,0.0
546,0.0,0.0,0.0,0.0
547,0.0,0.0,0.0,0.0
548,0.0,0.0,0.0,0.0
549,0.0,0.0,0.0,0.0
550,0.0,0.0,0.0,0.0
551,0.0,0.0,0.0,0.0
552,0.0,0.0,-0.1,0.0
553,0.0,0.0,0.0,0.0
554,0.0,0.0,0.0,0.0
555,0.0,0.0,0.0,0.0
556,0.0,0.0,0.0,0.0
557,0.0,0.0,0.0,0.0
558,0.0,0.0,0.0,0.0
559,0.0,0.0,0.0,0.0
560,0.0,0.0,0.0,0.0
561,0.0,0.0,0.0,0.0
562,0.0,0.0,0.0,0.0
563,0.0,0.0,0.0,0.0
564,0.0,0.0,0.0,0.0
565,0.0,0.0,0.0,0.0
566,0.0,0.0,0.0,0.0
567,0.0,0.0,0.0,0.0
568,0.0,0.0,0.0,0.0
569,0.0,0.0,0.0,0.0
570,0.0,0.0,0.0,0.0
571,0.0,0.0,0.0,0.0
572,0.0,0.0,0.0,0.0
573,0.0,0.0,0.0,0.0
574,0.0,0.0,0.0,0.0
575,0.0,0.0,0.0,0.0
576,-0.16959400000000002,0.9190822423490516,0.0,14.030837716616002
577,0.85030465,-0.11000000000000001,0.01974999999999999,-0.1
578,0.6722410951280009,-0.626486069,0.0,-0.6125795110000001
579,-0.21000000000000002,-0.21000000000000002,-0.1,5.657140000000001
580,0.157489,-0.42000000000000004,-0.4907100000000001,-0.4
581,-0.4705523894,-0.42000000000000004,-0.4000000000000001,-0.4
582,-0.31000000000000005,-0.31000000000000005,-0.25,5.3236300000000005
583,0.11332676099999991,-0.9300000000000002,-1.0000000000000002,-0.9000000000000001
584,-1.4599974840000005,-1.5500000000000003,-1.4000000000000004,-1.5000000000000004
585,-0.41,-0.41,-0.30000000000000004,2.2800000000000002
586,0.15468280000000034,0.0,0.0,0.0
587,-1.9209099381949666,-2.01269,-1.8000000000000005,-2.0000000000000004
588,-0.399,-0.02720000000000003,-0.1,4.7062
589,0.19970362,-0.21000000000000002,-0.30000000000000004,-0.4
590,-0.6264100000000001,-0.6190000000000001,-0.5000000000000001,-0.6000000000000001
591,-0.31000000000000005,-0.31000000000000005,-0.2,3.4920000000000004
592,-0.5931000000000002,-0.6200000000000001,-0.6000000000000001,-0.6000000000000001
593,0.0,0.0,0.0,0.0
594,-0.41,-0.41,-0.30000000000000004,1.159
595,-0.659,-0.7789999999999999,-0.6000000000000001,-0.8
596,-1.9887392000000002,-2.0452000000000004,-1.8000000000000005,-2.0000000000000004
597,-0.51,-0.51,-0.4,2.0900000000000003
598,-0.9690000000000001,-0.9690000000000001,-1.1700000000000002,-1.0
599,-2.363301,-2.04,-1.9862100000000003,-2.0
600,-0.6670000000000001,-0.31000000000000005,-0.2,3.4389900000000004
601,-0.31000000000000005,0.0,0.0,0.0
602,-0.5890000000000002,-0.31000000000000005,-0.4,-0.6000000000000001
603,0.0,0.0,0.0,0.0
604,-0.4443,-0.41,-0.6000000000000001,-0.8
605,-1.1111,-0.8200000000000001,-0.9000000000000001,-0.8
606,0.0,0.0,0.0,0.0
607,0.0,0.0,0.0,0.0
608,-0.51,0.0,0.0,0.0
609,-0.61,-0.61,-0.5,1.0
610,-0.61,0.0,0.0,0.0
611,-0.61,0.0,-0.5,0.0
612,0.0,0.0,0.0,0.0
613,-0.9821,-0.8200000000000001,-0.9000000000000001,-0.8
614,-1.5068899999999998,-1.23,-1.2000000000000002,-1.2000000000000002
615,0.0,0.0,0.0,0.0
616,-1.2721,-1.02,-1.2000000000000002,-1.0
617,-0.9690000000000001,-0.51,-0.8,-1.0
618,0.0,0.0,0.0,0.0
619,-1.159,-0.61,-1.0,-1.2000000000000002
620,-1.159,-0.61,-1.0,-1.2000000000000002
621,-0.71,-0.71,-0.6000000000000001,1.71
622,0.0,0.0,0.0,0.0
623,0.0,0.0,0.0,0.0
624,-0.21000000000000002,0.17431400000000005,-0.1,13.661635468759627
625,-0.21000000000000002,0.0,0.0,0.0
626,-0.7459205684000001,-0.8400000000000003,-0.7000000000000002,-0.7900000000000001
627,-0.31000000000000005,-0.31000000000000005,-0.2,3.5230000000000006
628,-0.31000000000000005,0.0,0.0,0.0
629,-0.31000000000000005,0.0,0.0,0.0
630,-0.41,-0.41,-0.30000000000000004,3.3116200000000005
631,0.0,0.0,0.0,0.0
632,-1.1711,-0.8200000000000001,-0.9000000000000001,-0.8
633,-0.51,-0.51,-0.4,1.1
634,-0.51,0.0,0.0,0.0
635,-0.9690000000000001,-0.51,-0.8,-1.0
636,-0.31000000000000005,-0.31000000000000005,-0.027699999999999947,5.3236300000000005
637,-0.31000000000000005,0.0,0.0,0.0
638,0.0,0.0,0.0,0.0
639,0.0,0.0,0.0,0.0
640,0.0,0.0,0.0,0.0
641,0.0,0.0,0.0,0.0
642,0.0,0.0,0.0,0.0
643,0.0,0.0,0.0,0.0
644,0.0,0.0,0.0,0.0
645,0.0,0.0,0.0,0.0
646,0.0,0.0,0.0,0.0
647,0.0,0.0,0.0,0.0
648,-0.41,-0.41,-0.30000000000000004,3.2520000000000007
649,-0.41,0.0,0.0,0.0
650,0.0,0.0,0.0,0.0
651,0.0,0.0,0.0,0.0
652,0.0,0.0,0.0,0.0
653,0.0,0.0,0.0,0.0
654,0.0,0.0,0.0,0.0
655,0.0,0.0,0.0,0.0
656,0.0,0.0,0.0,0.0
657,0.0,0.0,0.0,0.0
658,0.0,0.0,0.0,0.0
659,0.0,0.0,0.0,0.0
660,0.0,0.0,0.0,0.0
661,0.0,0.0,0.0,0.0
662,0.0,0.0,0.0,0.0
663,0.0,0.0,0.0,0.0
664,0.0,0.0,0.0,0.0
665,0.0,0.0,0.0,0.0
666,0.0,0.0,0.0,0.0
667,0.0,0.0,0.0,0.0
668,0.0,0.0,0.0,0.0
669,0.0,0.0,0.0,0.0
670,0.0,0.0,0.0,0.0
671,0.0,0.0,0.0,0.0
672,-0.31000000000000005,-0.31000000000000005,-0.2,2.6354900000000008
673,-0.31000000000000005,-0.31000000000000005,0.0,0.0
674,-0.8801000000000003,-0.6200000000000001,-0.6000000000000001,-0.6000000000000001
675,-0.41,-0.5415,-0.30000000000000004,4.29875
676,0.0,0.0,0.0,0.0
677,-0.839,-0.41,-0.6000000000000001,-0.8
678,-0.51,-0.51,-0.4,3.8913000000000006
679,-0.51,0.0,0.0,0.0
680,-2.326821,-2.04,-2.0000000000000004,-2.0
681,-0.61,-0.61,-0.5,3.51497
682,-0.61,0.0,-0.5,0.0
683,-1.159,-0.61,-1.0,-0.6000000000000001
684,-0.41,-0.7789999999999999,-0.3420000000000001,4.126800000000001
685,-0.41,0.0,0.0,0.0
686,-0.41,0.0,0.0,0.0
687,0.0,0.0,0.0,0.0
688,0.0,0.0,0.0,0.0
689,0.0,0.0,0.0,0.0
690,0.0,0.0,0.0,0.0
691,0.0,0.0,0.0,0.0
692,0.0,0.0,0.0,0.0
693,0.0,0.0,0.0,0.0
694,0.0,0.0,0.0,0.0
695,0.0,0.0,0.0,0.0
696,-0.51,-0.51,-0.4,3.0646900000000006
697,0.0,0.0,0.0,0.0
698,0.0,0.0,0.0,0.0
699,0.0,0.0,0.0,0.0
700,0.0,0.0,0.0,0.0
701,0.0,0.0,0.0,0.0
702,0.0,0.0,0.0,0.0
703,0.0,0.0,0.0,0.0
704,0.0,0.0,0.0,0.0
705,0.0,0.0,0.0,0.0
706,0.0,0.0,0.0,0.0
707,0.0,0.0,0.0,0.0
708,0.0,0.0,0.0,0.0
709,-0.61,0.0,0.0,0.0
710,0.0,0.0,0.0,0.0
711,0.0,0.0,0.0,0.0
712,0.0,0.0,0.0,0.0
713,0.0,0.0,0.0,0.0
714,0.0,0.0,0.0,0.0
715,0.0,0.0,0.0,0.0
716,0.0,0.0,0.0,0.0
717,0.0,0.0,0.0,0.0
718,0.0,0.0,0.0,0.0
719,0.0,0.0,0.0,0.0
720,-0.41,-0.1075108173349999,-0.30000000000000004,7.904221422113812
721,-0.41,0.0,0.0,0.0
722,-0.41,0.0,0.0,0.0
723,-0.51,-0.51,-0.4,3.55974
724,0.0,0.0,0.0,0.0
725,0.0,0.0,0.0,0.0
726,-0.61,-0.61,-0.5,1.0
727,-0.61,0.0,0.0,0.0
728,-0.61,0.0,0.0,0.0
729,0.0,0.0,0.0,0.0
730,-0.71,0.0,0.0,0.0
731,0.0,0.0,0.0,0.0
732,-0.51,-0.51,-0.4,2.3280000000000003
733,-0.51,0.0,0.0,0.0
734,0.0,0.0,0.0,0.0
735,0.0,0.0,0.0,0.0
736,0.0,0.0,0.0,0.0
737,0.0,0.0,0.0,0.0
738,0.0,0.0,0.0,0.0
739,0.0,0.0,0.0,0.0
740,0.0,0.0,0.0,0.0
741,0.0,0.0,0.0,0.0
742,0.0,0.0,0.0,0.0
743,0.0,0.0,0.0,0.0
744,-0.61,-0.61,-0.5,1.094111
745,-0.61,0.0,0.0,-0.6000000000000001
746,0.0,0.0,0.0,0.0
747,0.0,0.0,0.0,0.0
748,0.0,0.0,0.0,0.0
749,0.0,0.0,0.0,0.0
750,0.0,0.0,0.0,0.0
751,0.0,0.0,0.0,0.0
752,0.0,0.0,0.0,0.0
753,0.0,0.0,0.0,0.0
754,0.0,0.0,0.0,0.0
755,0.0,0.0,0.0,0.0
756,0.0,0.0,0.0,0.0
757,-0.71,0.0,0.0,0.0
758,0.0,0.0,0.0,0.0
759,0.0,0.0,0.0,0.0
760,0.0,0.0,0.0,0.0
761,0.0,0.0,0.0,0.0
762,0.0,0.0,0.0,0.0
763,0.0,0.0,0.0,0.0
764,0.0,0.0,0.0,0.0
765,0.0,0.0,0.0,0.0
766,0.0,0.0,0.0,0.0
767,0.0,0.0,0.0,0.0
768,0.0,0.0,0.0,0.0
769,0.0,0.0,0.0,0.0
770,0.0,0.0,0.0,0.0
771,-0.36900000000000005,-0.42000000000000004,-0.30000000000000004,-0.4
772,-0.5391,-0.42000000000000004,-0.4000000000000001,-0.4
773,-0.601889035,-0.7810900000000001,-0.6000000000000001,-0.6000000000000001
774,-0.31000000000000005,0.0,0.0,0.0
775,-0.6721000000000001,-0.6200000000000001,-0.6000000000000001,-0.6000000000000001
776,-0.31000000000000005,0.0,0.0,0.0
777,-0.7862,-0.8200000000000001,-0.9000000000000001,-0.8
778,-1.0211,-0.8200000000000001,-0.9000000000000001,-0.8
779,-0.9695149999999999,-1.704701,-0.9000000000000001,-0.8
780,-0.21000000000000002,-0.21000000000000002,1.2285300000000003,0.0
781,-0.21000000000000002,-0.21000000000000002,0.6200000000000001,0.0
782,-0.21000000000000002,-0.21000000000000002,1.0453511985000001,0.0
783,-0.31000000000000005,-0.31000000000000005,0.60389,0.0
784,-0.31000000000000005,-0.31000000000000005,0.41600000000000004,0.0
785,-0.31000000000000005,-0.31000000000000005,0.4832000000000001,0.0
786,-0.7789999999999999,-0.41,0.1,0.0
787,-0.41,-0.41,0.7567961740000001,0.0
788,-0.72,-0.41,0.029579108728499972,0.0
789,-0.51,0.0,0.0,0.0
790,-0.51,-0.51,0.033900000000000007,0.0
791,-0.51,-0.51,-0.041,0.0
792,-0.31000000000000005,-0.31000000000000005,1.2203726000000001,-0.30000000000000004
793,-0.31000000000000005,-0.31000000000000005,2.6767231000000002,0.0
794,0.0,0.0,0.0,0.0
795,-0.41,-0.41,0.929,0.0
796,-0.41,-0.41,1.117,0.0
797,-0.41,-0.8200000000000001,0.5,0.0
798,-0.51,-0.51,0.4,0.0
799,-1.2741,-0.51,1.4780670000000002,0.0
800,-0.51,0.0,0.0,0.0
801,-0.61,-0.61,0.8665900000000002,0.0
802,-0.61,-0.61,2.0169050000000004,0.0
803,-0.61,-0.61,0.34989,0.0
804,-0.41,-0.8200000000000001,5.016342794878177,0.0
805,-0.41,-0.41,5.832158160879151,0.0
806,-0.41,-0.41,7.175245775665377,-0.31000000000000005
807,0.0,0.0,0.0,0.0
808,-0.51,0.0,0.0,0.0
809,0.0,0.0,1.5711742000000002,0.0
810,-0.61,-0.61,0.6400000000000001,0.0
811,-0.58,-0.61,0.8300000000000001,0.0
812,-0.61,-0.61,1.255903,0.0
813,0.0,0.0,0.0,0.0
814,-0.71,-0.71,3.658802800000001,0.0
815,-0.71,-0.71,1.7924024575000002,0.0
816,-0.6733900000000002,-0.26901263575210005,-0.6000000000000001,-0.6000000000000001
817,-0.42900000000000005,-0.5391,-0.4999000000000001,-0.4
818,-0.6291,-0.5121,-0.4000000000000001,-0.4
819,-0.5690000000000001,-0.31000000000000005,-0.4,-0.30000000000000004
820,-0.31000000000000005,0.0,0.0,0.0
821,-0.5890000000000002,-0.5720000000000001,-0.4,-0.6000000000000001
822,-1.0611,-0.7789999999999999,-0.9000000000000001,-0.8
823,-0.7789999999999999,-0.7689999999999999,-0.6000000000000001,-0.8
824,-0.41,-0.76369,0.0,0.0
825,-0.51,-0.51,0.0,0.0
826,-0.9690000000000001,-0.9690000000000001,-0.8,-1.0
827,-0.9690000000000001,-0.98769,-0.8,-1.0
828,-0.31000000000000005,-0.31000000000000005,0.31010000000000004,0.0
829,-0.31000000000000005,-0.31000000000000005,0.7306130000000001,0.0
830,-0.31000000000000005,-0.31000000000000005,0.2,0.0
831,-0.41,-0.41,0.1,0.0
832,-0.41,-0.41,0.1,0.0
833,-0.41,-0.41,0.1,0.0
834,-0.9690000000000001,-0.51,0.0,-0.5
835,-0.51,-0.51,0.0,0.0
836,-0.51,-0.51,0.0,0.0
837,-0.61,-0.61,-0.1,0.0
838,-0.61,0.0,0.0,0.0
839,-0.61,-0.61,-0.24100000000000005,-0.6000000000000001
840,-0.41,-0.41,0.865336385,0.0
841,-0.41,-0.41,0.5860000000000001,0.0
842,-0.41,-0.41,0.929,0.0
843,-0.51,-0.51,0.4,0.0
844,-0.51,-0.51,0.8400000000000001,0.0
845,-0.51,-0.51,0.7290000000000001,0.0
846,-0.61,-0.61,0.30000000000000004,0.0
847,-0.61,-0.61,0.6400000000000001,0.0
848,-0.61,-0.61,0.0,0.0
849,-0.71,0.0,0.0,0.0
850,-0.71,-0.71,0.2,0.0
851,-0.71,0.0,0.0,0.0
852,-0.51,-0.51,3.308181506951761,0.0
853,-0.9690000000000001,-0.51,7.7891713385472,0.0
854,-0.51,-0.51,3.1828578000000007,0.0
855,-0.61,-0.61,0.7000000000000001,0.0
856,-0.61,-0.61,0.7000000000000001,0.0
857,0.0,0.0,0.7000000000000001,0.0
858,-0.71,-0.71,1.1400000000000001,0.0
859,-0.71,0.0,0.0,0.0
860,-0.71,-0.71,0.559,0.0
861,0.0,0.0,0.0,0.0
862,-0.81,-0.81,1.0549000000000002,-0.75
863,-0.81,-0.81,0.0,0.0
864,-0.8801000000000003,-0.7530000000000002,-0.6000000000000001,-0.6000000000000001
865,0.0,-0.5290000000000001,0.0,0.0
866,-0.8801000000000003,-0.7063630000000002,-0.8000000000000002,-0.9000000000000001
867,-0.766,-0.41,-1.1330000000000002,-0.8
868,-0.7689999999999999,-0.7789999999999999,-0.6000000000000001,-0.8
869,0.0,0.0,0.0,0.0
870,-0.9690000000000001,-0.9690000000000001,-0.8,-1.0
871,-0.9690000000000001,-0.51,-0.4,-0.5
872,-0.9690000000000001,-0.51,-0.8,-1.0
873,-1.159,-1.159,-1.0,-1.2000000000000002
874,-0.61,-0.61,0.0,0.0
875,-0.61,-0.61,0.0,0.0
876,-0.41,-0.41,0.06,0.0
877,-0.41,-0.41,0.13,0.0
878,-0.41,-0.41,0.0,0.0
879,-0.9690000000000001,-0.51,0.0,0.0
880,-0.51,-0.51,0.0,-0.5
881,-0.51,0.0,0.0,-0.5
882,0.0,0.0,0.0,0.0
883,-0.61,-0.61,0.0,0.0
884,-1.159,-0.61,-0.24100000000000005,-0.6000000000000001
885,0.0,0.0,0.0,0.0
886,-0.71,-0.71,-0.38,-0.7000000000000001
887,-0.71,-0.71,-0.44100000000000006,-0.7000000000000001
888,-0.51,-0.51,0.0,-0.5
889,-0.51,-0.51,0.48,0.0
890,-0.51,-0.51,0.0,0.0
891,-0.61,-0.61,0.5290000000000001,0.0
892,-0.61,-0.61,0.0,0.0
893,-1.159,-0.61,0.30000000000000004,0.0
894,-1.349,-0.71,0.2,0.0
895,-0.71,-0.71,0.2,0.0
896,-0.71,-0.71,0.0,0.0
897,-0.81,-0.81,0.11610000000000001,0.0
898,-0.81,-0.81,0.24000000000000005,0.0
899,-0.81,-0.81,0.129,0.0
900,-0.61,-0.61,0.0,0.0
901,-0.61,-0.61,1.0523,0.0
902,-0.61,-0.61,1.24239,0.0
903,-0.71,0.0,1.466001,0.0
904,-0.71,-0.6780631,0.0,0.0
905,-0.71,-0.71,1.0990000000000002,0.0
906,-0.81,-0.81,0.4,0.0
907,-0.81,-0.81,1.06,0.0
908,-0.81,-0.81,0.7612610000000001,0.0
909,-0.91,-0.91,0.9390000000000002,0.0
910,-0.91,-0.91,0.4,0.0
911,-0.91,-0.91,0.4,0.0
912,-1.2612100000000002,-0.7859925675021499,-1.4650773500000003,-1.2000000000000002
913,-0.7789999999999999,-0.6890000000000001,-0.8810000000000002,-0.8
914,-1.65089,-1.354091,-1.5000000000000004,-1.6000000000000003
915,-0.9690000000000001,-0.713,-0.8,-1.0
916,-0.9690000000000001,-1.098261,-1.2000000000000002,-1.0
917,-0.51,-0.51,0.0,0.0
918,-0.58,0.0,0.0,0.0
919,-1.159,-1.089,-1.0,-1.2000000000000002
920,-1.159,-1.4602,-1.5,-1.7410000000000003
921,-1.349,-1.2890000000000001,-1.2000000000000002,-1.4000000000000001
922,-1.2890000000000001,-1.349,-1.2000000000000002,-1.4000000000000001
923,-1.7765,-1.349,-1.8000000000000003,-2.0949000000000004
924,-0.51,-0.8029999999999999,-0.06000000000000001,0.0
925,-0.51,-0.51,0.049110000000000015,0.0
926,-0.51,-0.51,0.0,0.0
927,-0.61,-0.46399999999999997,0.0,0.0
928,-0.61,-0.61,0.0,0.0
929,-0.61,-0.61,-0.1,-0.6000000000000001
930,-0.71,-0.71,-0.44100000000000006,-0.7000000000000001
931,-1.349,-0.71,-0.38,-1.35
932,-1.349,-0.659,-0.4800000000000001,-0.7000000000000001
933,-0.81,-0.81,0.0,0.0
934,-0.81,-0.81,0.0,0.0
935,-0.81,-0.81,0.0,0.0
936,-0.61,0.0,0.5350756746962001,0.0
937,0.0,0.0,0.0,0.0
938,-0.61,-0.61,0.54,0.0
939,-0.71,0.0,0.0,0.0
940,-0.71,-0.71,0.2,0.0
941,-0.71,-1.349,0.2,0.0
942,-0.81,-0.81,0.171,0.0
943,-0.81,-0.81,0.1,0.0
944,-0.81,-0.81,0.11610000000000001,0.0
945,-0.91,-0.91,0.0,0.0
946,-0.91,0.0,0.0,0.0
947,0.0,0.0,0.0,0.0
948,-0.71,-0.71,1.8933368572,0.0
949,-0.71,-1.349,1.7578800000000006,0.0
950,-0.71,-0.71,1.1010880000000003,0.0
951,-0.81,-0.81,0.4,0.0
952,-0.81,-0.81,1.6630000000000003,-0.694
953,-0.81,-0.81,0.0,0.0
954,-0.91,-0.91,0.4,0.0
955,-0.91,-0.91,0.8600000000000001,0.0
956,-0.91,-0.91,0.4,0.0
957,-1.01,-1.889,0.0,0.0
958,-1.01,-1.01,1.8989334000000002,0.0
959,-1.01,0.0,0.0,0.0
960,-0.9165510013036677,0.10120658789999998,0.0,-0.7712320754503901
961,-0.11000000000000001,-0.11000000000000001,0.0,2.6085155
962,0.31915054200000004,-0.6738374621000001,0.0,-0.5217031000000001
963,-0.63819,-0.399,-0.4000000000000001,-0.4
964,-0.21000000000000002,-0.21000000000000002,-0.1,0.6840000000000002
965,-0.176152844429,-0.6191,-0.6000000000000001,-0.6000000000000001
966,-0.5890000000000002,-0.5890000000000002,-0.4,-0.6000000000000001
967,-0.5890000000000002,-0.31000000000000005,-0.2,1.2846234390000002
968,-0.4581166797047779,-1.0141000000000002,-1.0000000000000002,-0.8900000000000001
969,-0.41,-0.41,-0.30000000000000004,0.0
970,-0.41,-0.41,-0.30000000000000004,0.5376900000000001
971,-1.358853466,-1.65499,-1.5000000000000004,-1.6000000000000003
972,-0.21000000000000002,-0.21000000000000002,0.41350565000000006,0.0
973,-0.21000000000000002,-0.21000000000000002,0.49000000000000005,0.0
974,-0.21000000000000002,-0.21000000000000002,0.9605260301167102,0.0
975,-0.31000000000000005,-0.31000000000000005,0.0,0.0
976,0.0,0.0,0.0,0.0
977,0.0,0.0,0.0,0.0
978,0.0,0.0,0.0,0.0
979,0.0,0.0,0.0,0.0
980,-0.41,-0.41,0.1,0.0
981,-0.51,-0.51,0.0,0.0
982,0.0,0.0,0.0,0.0
983,-0.51,-0.51,-0.041,0.0
984,0.0,0.0,0.0,0.0
985,-0.31000000000000005,-0.31000000000000005,2.7691941952785006,0.0
986,-0.31000000000000005,-0.31000000000000005,0.9863872232455002,-0.30000000000000004
987,-0.41,-0.41,0.0,0.0
988,-0.41,0.0,0.0,0.25
989,0.0,0.0,0.0,0.0
990,-0.51,-0.51,0.36000000000000004,0.0
991,-0.51,-0.51,0.99092189,0.0
992,-0.51,-0.51,0.4916119059200001,0.0
993,0.0,0.0,0.0,0.0
994,-0.61,-0.61,1.4809337200000001,0.0
995,0.0,0.0,0.0,0.0
996,-0.41,-0.41,0.0,0.0
997,-0.41,-0.41,1.5843618,0.0
998,-0.41,-0.41,0.929,0.0
999,0.0,0.0,0.0,0.0
1000,-0.51,0.0,0.0,0.1
1001,0.0,0.0,0.0,0.0
1002,-0.61,-0.61,0.0,0.0
1003,0.0,0.0,0.0,0.0
1004,-0.61,-0.61,0.6169748100000001,0.0
1005,0.0,0.0,0.0,0.0
1006,0.0,0.0,0.0,0.0
1007,-0.71,-0.71,0.149,0.0
1008,-0.6361000000000001,-0.6382151,-0.5999000000000002,-0.5800000000000001
1009,-0.21000000000000002,-0.21000000000000002,-0.13842999999999997,1.4880870000000004
1010,-0.21000000000000002,0.0,0.0,0.0
1011,-0.5890000000000002,-0.31000000000000005,-0.38,-0.6000000000000001
1012,-0.31000000000000005,-0.31000000000000005,-0.2,0.30000000000000004
1013,-0.5890000000000002,-0.31000000000000005,-0.4,-0.6000000000000001
1014,-0.7353,-0.41,-0.6000000000000001,-0.8
1015,-0.41,-0.41,-0.30000000000000004,0.2
1016,-0.7789999999999999,-0.41,-0.6000000000000001,-0.8
1017,-0.9690000000000001,0.0,0.0,0.0
1018,0.0,0.0,0.0,0.0
1019,-1.3421,-0.51,-0.8,-1.0
1020,-0.31000000000000005,-0.31000000000000005,0.5980262607029416,0.0
1021,0.0,0.0,0.0,0.0
1022,-0.31000000000000005,0.0,0.0,0.0
1023,0.0,0.0,0.0,0.0
1024,0.0,0.0,0.0,0.0
1025,0.0,0.0,0.0,0.0
1026,0.0,0.0,0.0,0.0
1027,0.0,0.0,0.0,0.0
1028,0.0,0.0,0.0,0.0
1029,0.0,0.0,0.0,0.0
1030,0.0,0.0,0.0,0.0
1031,0.0,0.0,0.0,0.0
1032,-0.41,-0.41,1.1444163357840003,0.0
1033,-0.41,-0.41,0.8764,0.0
1034,0.0,0.0,0.0,0.0
1035,0.0,0.0,0.0,0.0
1036,0.0,0.0,0.0,0.0
1037,0.0,0.0,0.0,0.0
1038,0.0,0.0,0.0,0.0
1039,0.0,0.0,0.0,0.0
1040,0.0,0.0,0.0,0.0
1041,0.0,0.0,0.0,0.0
1042,0.0,0.0,0.0,0.0
1043,0.0,0.0,0.0,0.0
1044,-0.51,0.0,0.34,0.0
1045,0.0,0.0,0.0,0.0
1046,0.0,0.0,0.0,0.0
1047,0.0,0.0,0.0,0.0
1048,0.0,0.0,0.0,0.0
1049,0.0,0.0,0.0,0.0
1050,0.0,0.0,0.0,0.0
1051,0.0,0.0,0.0,0.0
1052,0.0,0.0,0.0,0.0
1053,0.0,0.0,0.0,0.0
1054,0.0,0.0,0.0,0.0
1055,0.0,0.0,0.0,0.0
1056,-1.2324900000000003,-0.6336936448885856,-0.8000000000000002,-0.9000000000000001
1057,-0.31000000000000005,-0.31000000000000005,-0.2,0.8130000000000002
1058,0.0,0.0,0.0,0.0
1059,-0.7789999999999999,-0.41,-0.6000000000000001,-0.8
1060,0.0,0.0,0.0,0.0
1061,0.0,0.0,0.0,0.0
1062,0.0,0.0,0.0,0.0
1063,0.0,0.0,0.0,0.0
1064,-0.9690000000000001,-0.9690000000000001,-0.8,-1.0
1065,0.0,0.0,0.0,0.0
1066,-0.61,-0.61,-0.5,0.0
1067,-1.159,-1.159,-1.0,-1.2000000000000002
1068,-0.41,-0.41,0.039999999999999994,0.0
1069,-0.41,-0.41,0.1,0.0
1070,-0.41,0.0,0.0,0.0
1071,0.0,0.0,0.0,0.0
1072,0.0,0.0,0.0,0.0
1073,0.0,0.0,0.0,0.0
1074,0.0,0.0,0.0,0.0
1075,0.0,0.0,0.0,0.0
1076,0.0,0.0,0.0,0.0
1077,0.0,0.0,0.0,0.0
1078,0.0,0.0,0.0,0.0
1079,0.0,0.0,0.0,0.0
1080,0.0,0.0,0.0,0.0
1081,-0.51,-0.51,0.4,0.1
1082,-0.51,0.0,0.0,0.0
1083,0.0,0.0,0.0,0.0
1084,0.0,0.0,0.0,0.0
1085,0.0,0.0,0.0,0.0
1086,0.0,0.0,0.0,0.0
1087,0.0,0.0,0.0,0.0
1088,0.0,0.0,0.0,0.0
1089,0.0,0.0,0.0,0.0
1090,0.0,0.0,0.0,0.0
1091,0.0,0.0,0.0,0.0
1092,-1.259,-0.61,0.40800000000000003,-0.6000000000000001
1093,-0.61,-0.61,0.6252000000000001,0.0
1094,0.0,0.0,0.0,0.0
1095,0.0,0.0,0.0,0.0
1096,0.0,0.0,0.0,0.0
1097,0.0,0.0,0.0,0.0
1098,0.0,0.0,0.0,0.0
1099,0.0,0.0,0.0,0.0
1100,0.0,0.0,0.0,0.0
1101,0.0,0.0,0.0,0.0
1102,0.0,0.0,0.0,0.0
1103,0.0,0.0,0.0,0.0
1104,-1.2680000000000002,-1.0374222631949563,-1.2000000000000002,-1.5700000000000003
1105,-0.41,-0.41,-0.30000000000000004,0.41109000000000007
1106,-0.7589999999999999,-0.7789999999999999,-0.6000000000000001,-0.8
1107,0.0,0.0,0.0,0.0
1108,0.0,0.0,0.0,0.0
1109,-0.9690000000000001,-0.51,-0.8,-1.0
1110,-1.159,-1.159,-1.0,-1.2000000000000002
1111,-0.61,-0.61,-0.5,0.0
1112,-1.6531000000000002,-1.159,-1.5,-1.7800000000000002
1113,0.0,0.0,0.0,0.0
1114,0.0,0.0,0.0,0.0
1115,0.0,0.0,0.0,0.0
1116,-0.51,-0.51,-0.22894132666294353,-0.5
1117,0.0,0.0,0.0,0.0
1118,0.0,0.0,0.0,0.0
1119,0.0,0.0,0.0,0.0
1120,0.0,0.0,0.0,0.0
1121,0.0,0.0,0.0,0.0
1122,0.0,0.0,0.0,0.0
1123,0.0,0.0,0.0,0.0
1124,0.0,0.0,0.0,0.0
1125,0.0,0.0,0.0,0.0
1126,0.0,0.0,0.0,0.0
1127,0.0,0.0,0.0,0.0
1128,-0.61,-0.61,0.19260100000000002,0.0
1129,-0.61,-0.61,0.0,0.0
1130,0.0,0.0,0.0,0.0
1131,0.0,0.0,0.0,0.0
1132,0.0,0.0,0.0,0.0
1133,0.0,0.0,0.0,0.0
1134,0.0,0.0,0.0,0.0
1135,0.0,0.0,0.0,0.0
1136,0.0,0.0,0.0,0.0
1137,0.0,0.0,0.0,0.0
1138,0.0,0.0,0.0,0.0
1139,0.0,0.0,0.0,0.0
1140,-0.71,-0.71,0.2,0.0
1141,-0.71,-0.71,0.2,0.0
1142,-0.71,0.0,0.0,-0.7000000000000001
1143,0.0,0.0,0.0,0.0
1144,0.0,0.0,0.0,0.0
1145,0.0,0.0,0.0,0.0
1146,0.0,0.0,0.0,0.0
1147,0.0,0.0,0.0,0.0
1148,0.0,0.0,0.0,0.0
1149,0.0,0.0,0.0,0.0
1150,0.0,0.0,0.0,0.0
1151,0.0,0.0,0.0,0.0
1152,-0.20900000000000002,2.6411832581561008,0.0,-0.19
1153,-0.11000000000000001,-0.11000000000000001,0.0,6.12579511
1154,2.625480313677264,-0.7893275098709001,0.0,-0.5695327900000001
1155,-0.399,-0.31300000000000006,-0.30000000000000004,-0.4
1156,-0.21000000000000002,-0.21000000000000002,-0.1,2.363
1157,-0.399,-0.21000000000000002,-0.30000000000000004,-0.4
1158,-0.5890000000000002,-0.31000000000000005,0.0,0.0
1159,-0.31000000000000005,-0.31000000000000005,-0.2,3.0494009000000006
1160,-0.7821600000000002,-0.6200000000000001,-0.6000000000000001,-0.6000000000000001
1161,-1.1011,-0.9151,-1.1879000000000002,-0.8
1162,-0.41,-0.41,-0.30000000000000004,3.1688030000000005
1163,-1.550179990172,-2.0557489999999996,-1.8000000000000005,-1.5933200000000003
1164,-0.21000000000000002,-0.21000000000000002,0.0,0.0
1165,-0.21000000000000002,-0.21000000000000002,2.4859239165,0.0
1166,-0.399,-0.231,0.8588522385668892,0.0
1167,0.0,0.0,0.0,0.0
1168,-0.31000000000000005,-0.31000000000000005,0.3400000000000001,0.0
1169,0.0,0.0,0.0,0.0
1170,0.0,0.0,0.0,0.0
1171,-0.41,-0.41,0.34390000000000004,0.0
1172,0.0,0.0,0.0,0.0
1173,0.0,0.0,0.0,0.0
1174,0.0,0.0,0.0,0.6033900000000001
1175,-0.51,-0.5609999999999999,-0.10244421715810831,-0.5
1176,-0.31000000000000005,-0.31000000000000005,0.0,0.0
1177,-0.31000000000000005,-0.6600429774200001,3.6080601451440004,0.0
1178,-0.31000000000000005,-0.31000000000000005,0.189661,0.0
1179,0.0,-0.41,0.0,0.0
1180,-0.41,-0.41,0.6593000000000001,0.0
1181,0.0,0.0,0.0,0.0
1182,-0.51,-0.51,0.0,0.0
1183,-0.51,-0.51,0.0,0.0
1184,-0.51,-0.51,0.0,0.0
1185,0.0,0.0,0.0,0.0
1186,0.0,0.0,0.0,0.0
1187,0.0,0.0,0.0,0.0
1188,-0.41,-0.41,0.0,0.0
1189,-0.41,-0.41,0.635,0.0
1190,-0.41,0.0,0.0,0.0
1191,0.0,0.0,0.0,0.0
1192,-0.51,-1.069,1.6343279000000002,0.0
1193,0.0,0.0,0.0,0.0
1194,-0.61,-0.61,0.0,0.0
1195,0.0,0.0,0.0,0.0
1196,-0.61,-1.2200000000000002,-0.1,0.0
1197,0.0,0.0,0.0,0.0
1198,0.0,0.0,-0.2,0.0
1199,-0.71,-0.71,-0.2,0.0
1200,-0.6561000000000001,0.9980625553617541,-0.66938521594135,-0.6000000000000001
1201,-0.21000000000000002,-0.21000000000000002,-0.10400000000000001,2.3306
1202,-0.23560000000000006,-0.399,-0.39100000000000007,-0.4
1203,-0.5890000000000002,-0.31000000000000005,-0.4,-0.6000000000000001
1204,-0.31000000000000005,-0.31000000000000005,-0.2,1.52
1205,-0.5890000000000002,-0.5890000000000002,-0.4,-0.8710000000000002
1206,-0.41,-0.7789999999999999,-0.30000000000000004,0.0
1207,-0.41,-0.41,-0.30000000000000004,1.2700000000000002
1208,0.0,0.0,0.0,0.0
1209,0.0,0.0,0.0,0.0
1210,-0.51,-0.51,-0.4,0.549
1211,0.0,0.0,0.0,0.0
1212,-0.31000000000000005,-0.31000000000000005,0.20905240000000003,0.0
1213,-0.31000000000000005,-0.31000000000000005,1.6763980800000002,0.0
1214,0.0,0.0,0.0,0.0
1215,0.0,0.0,0.0,0.0
1216,0.0,0.0,0.0,0.0
1217,0.0,0.0,0.0,0.0
1218,0.0,0.0,0.0,0.0
1219,0.0,0.0,0.0,0.0
1220,0.0,0.0,0.0,0.0
1221,0.0,0.0,0.0,0.0
1222,0.0,0.0,0.0,0.0
1223,0.0,0.0,0.0,0.0
1224,-0.41,-0.41,0.17604190000000003,0.0
1225,0.0,0.0,0.0,0.0
1226,0.0,0.0,0.0,0.0
1227,0.0,0.0,0.0,0.0
1228,0.0,0.0,0.0,0.0
1229,0.0,0.0,0.0,0.0
1230,0.0,0.0,0.0,0.0
1231,0.0,0.0,0.0,0.0
1232,0.0,0.0,0.0,0.0
1233,0.0,0.0,0.0,0.0
1234,0.0,0.0,0.0,0.0
1235,0.0,0.0,0.0,0.0
1236,-0.51,-0.51,-0.08000000000000002,0.0
1237,-0.51,-0.51,0.6334600000000001,0.0
1238,0.0,0.0,0.0,0.0
1239,0.0,0.0,0.0,0.0
1240,0.0,0.0,0.0,0.0
1241,0.0,0.0,0.0,0.0
1242,0.0,0.0,0.0,0.0
1243,0.0,0.0,0.0,0.0
1244,0.0,0.0,0.0,0.0
1245,0.0,0.0,0.0,0.0
1246,0.0,0.0,0.0,0.0
1247,0.0,0.0,0.0,0.0
1248,-1.3594900000000003,-0.9467287992867499,-1.1966100000000002,-1.2000000000000002
1249,-0.5890000000000002,-0.31000000000000005,-0.2,2.168
1250,-0.31000000000000005,0.0,0.0,0.0
1251,-0.7789999999999999,-0.7789999999999999,-0.6000000000000001,-0.8
1252,0.0,0.0,0.0,0.0
1253,-0.41,0.0,0.0,0.0
1254,-0.9690000000000001,-0.51,-0.8,-1.0
1255,-0.51,-0.51,-0.4,0.6000000000000001
1256,0.0,0.0,0.0,0.0
1257,-1.6631,-1.159,-1.5,-1.6870000000000003
1258,-0.61,-0.61,-0.5,0.95
1259,-1.159,-1.159,-1.0,-1.2000000000000002
1260,0.0,0.0,0.0,0.0
1261,-0.41,-0.41,0.22999999999999998,0.0
1262,-0.41,0.0,0.0,0.0
1263,0.0,0.0,0.0,0.0
1264,0.0,0.0,0.0,0.0
1265,0.0,0.0,0.0,0.0
1266,0.0,0.0,0.0,0.0
1267,0.0,0.0,0.0,0.0
1268,0.0,0.0,0.0,0.0
1269,0.0,0.0,0.0,0.0
1270,0.0,0.0,0.0,0.0
1271,0.0,0.0,0.0,0.0
1272,-0.51,-0.51,-0.06000000000000001,0.0
1273,-0.51,-0.51,0.22800000000000004,0.0
1274,0.0,0.0,0.0,0.0
1275,0.0,0.0,0.0,0.0
1276,0.0,0.0,0.0,0.0
1277,0.0,0.0,0.0,0.0
1278,0.0,0.0,0.0,0.0
1279,0.0,0.0,0.0,0.0
1280,0.0,0.0,0.0,0.0
1281,0.0,0.0,0.0,0.0
1282,0.0,0.0,0.0,0.0
1283,0.0,0.0,0.0,0.0
1284,-0.61,-0.61,-0.1,0.0
1285,0.0,0.0,0.014800000000000015,0.0
1286,-0.61,0.0,0.0,0.0
1287,0.0,0.0,0.0,0.0
1288,0.0,0.0,0.0,0.0
1289,0.0,0.0,0.0,0.0
1290,0.0,0.0,0.0,0.0
1291,0.0,0.0,0.0,0.0
1292,0.0,0.0,0.0,0.0
1293,0.0,0.0,0.0,0.0
1294,0.0,0.0,0.0,0.0
1295,0.0,0.0,0.0,0.0
1296,-1.74469,0.03620598136417669,-1.7784100000000005,-1.6000000000000003
1297,-0.41,-0.41,-0.30000000000000004,0.7000000000000001
1298,-1.0411,-0.7789999999999999,-0.9000000000000001,-0.8
1299,0.0,0.0,0.0,0.0
1300,-0.51,-0.51,-0.4,0.549
1301,-0.9690000000000001,-0.51,-0.8,-1.0
1302,-1.6531000000000002,-1.159,-1.5,-1.2000000000000002
1303,-1.159,0.0,0.0,0.0
1304,-1.159,-1.6631,-1.5,-1.2000000000000002
1305,-0.71,-1.349,-0.6000000000000001,0.0
1306,0.0,0.0,0.0,0.0
1307,0.0,0.0,0.0,0.0
1308,-0.51,-0.51,-0.09435718999999998,0.0
1309,-1.049,0.0,0.7772020000000002,0.0
1310,-0.51,0.0,0.0,0.0
1311,0.0,0.0,0.0,0.0
1312,0.0,0.0,0.0,0.0
1313,0.0,0.0,0.0,0.0
1314,0.0,0.0,0.0,0.0
1315,0.0,0.0,0.0,0.0
1316,0.0,0.0,0.0,0.0
1317,0.0,0.0,0.0,0.0
1318,0.0,0.0,0.0,0.0
1319,0.0,0.0,0.0,0.0
1320,-0.61,-0.61,-0.18000000000000002,0.0
1321,0.0,0.0,0.0,0.0
1322,0.0,0.0,0.0,0.0
1323,0.0,0.0,0.0,0.0
1324,0.0,0.0,0.0,0.0
1325,0.0,0.0,0.0,0.0
1326,0.0,0.0,0.0,0.0
1327,0.0,0.0,0.0,0.0
1328,0.0,0.0,0.0,0.0
1329,0.0,0.0,0.0,0.0
1330,0.0,0.0,0.0,0.0
1331,0.0,0.0,0.0,0.0
1332,0.0,0.0,0.0,0.0
1333,0.0,0.0,0.0,0.0
1334,0.0,0.0,0.0,0.0
1335,0.0,0.0,0.0,0.0
1336,0.0,0.0,0.0,0.0
1337,0.0,0.0,0.0,0.0
1338,0.0,0.0,0.0,0.0
1339,0.0,0.0,0.0,0.0
1340,0.0,0.0,0.0,0.0
1341,0.0,0.0,0.0,0.0
1342,0.0,0.0,0.0,0.0
1343,0.0,0.0,0.0,0.0
1344,-0.5154149,6.074029319079805,0.0,-0.271
1345,-0.29810000000000003,-0.11000000000000001,0.4065,11.568481131755853
1346,7.7356161078825325,-0.450461,0.0,-0.5695327900000001
1347,-0.42900000000000005,0.07846,-0.39000000000000007,-0.4
1348,-0.21000000000000002,-0.21000000000000002,-0.1,5.59558
1349,1.5428143108000008,-0.21000000000000002,-0.30000000000000004,-0.4
1350,-0.9361000000000002,-0.40004100000000015,-0.8000000000000002,-0.9000000000000001
1351,-0.31000000000000005,-0.6200000000000001,-0.2,7.142467309000001
1352,1.4557969339720005,-0.6490000000000001,-0.6000000000000001,-0.6000000000000001
1353,-0.41,-0.41,0.0,0.0
1354,0.0,-0.40185879999999996,0.0,6.72328348
1355,0.0432803219590841,-1.5968899999999997,-1.1810000000000003,-1.2000000000000002
1356,-0.6091,-0.19730000000000003,-0.4999000000000001,-0.4
1357,-0.21000000000000002,-0.21000000000000002,-0.1,9.522321205738
1358,0.4320281000000001,-0.399,-0.4000000000000001,-0.570339
1359,-0.31000000000000005,-0.31000000000000005,0.0,0.0
1360,-0.31000000000000005,-0.31000000000000005,-0.2,4.512300000000001
1361,0.0,0.0,0.0,0.0
1362,-0.41,-0.41,0.0,-0.4
1363,-0.41,-0.41,-0.30000000000000004,2.3084209000000007
1364,-0.7308257099999995,-1.1521,-1.2000000000000002,-1.2000000000000002
1365,-0.51,-0.51,0.0,0.0
1366,-0.51,-0.51,-0.4,1.1033899999999999
1367,-1.44589,-1.578,-1.6000000000000003,-1.5
1368,-0.9661000000000002,-0.8249800000000003,-0.8000000000000002,-0.9000000000000001
1369,-0.31000000000000005,-0.31000000000000005,-0.2,3.6101000000000005
1370,-0.5890000000000002,-0.31000000000000005,-0.2,0.0
1371,0.0,0.0,0.0,0.0
1372,-0.7789999999999999,-0.41,-0.30000000000000004,6.4947167
1373,-0.7789999999999999,-0.8200000000000001,-0.6000000000000001,-0.8
1374,0.0,0.0,0.0,0.0
1375,0.0,0.0,0.0,0.0
1376,-0.9690000000000001,-0.51,-0.8,-1.0
1377,-0.61,-0.61,0.0,0.0
1378,-0.61,-0.61,-0.5,1.159782
1379,-1.159,-0.61,-1.0,-1.2000000000000002
1380,0.0,0.0,0.0,0.0
1381,-0.41,-0.41,-0.30000000000000004,2.451
1382,-0.9972144123654899,-0.859,-0.9000000000000001,-0.8
1383,0.0,0.0,0.0,0.0
1384,-0.51,-0.51,-0.4,2.0900000000000003
1385,-0.9690000000000001,-0.51,-0.8,-1.0
1386,0.0,0.0,0.0,0.0
1387,-0.61,-0.61,-0.5,1.083
1388,-1.159,-0.61,-1.0,-1.2000000000000002
1389,-0.71,-0.71,0.0,0.0
1390,0.0,0.0,0.0,0.0
1391,0.0,0.0,0.0,0.0
1392,-0.5991000000000001,4.559485361474895,-0.4999000000000001,-0.4
1393,-0.21000000000000002,-0.21000000000000002,-0.1,10.520719966149759
1394,0.8897894788000005,-0.5901000000000001,-0.5000000000000001,-0.6000000000000001
1395,-0.6290000000000001,-0.5931000000000002,-0.7989000000000002,-0.6000000000000001
1396,-0.31000000000000005,-0.31000000000000005,-0.2,1.3
1397,-0.33964000000000005,-0.31000000000000005,-0.4,-0.6000000000000001
1398,-0.7789999999999999,-0.76894,-0.9000000000000001,-1.18568
1399,0.0,0.0,0.0,0.0
1400,-0.9910999999999999,-0.8200000000000001,-0.9000000000000001,-0.8
1401,-0.51,-0.51,-0.4,0.0
1402,-0.51,-0.51,-0.4,1.9931000000000003
1403,-0.9690000000000001,-0.51,-0.76,-1.0
1404,-1.1060900000000002,-0.39355290000000015,-0.8000000000000002,-0.9000000000000001
1405,-0.31000000000000005,-0.31000000000000005,-0.2,1.3450300000000002
1406,-0.31000000000000005,0.0,0.0,0.0
1407,0.0,0.0,0.0,0.0
1408,0.0,0.0,0.0,0.0
1409,0.0,0.0,0.0,0.0
1410,0.0,0.0,0.0,0.0
1411,0.0,0.0,0.0,0.0
1412,0.0,0.0,0.0,0.0
1413,0.0,0.0,0.0,0.0
1414,0.0,0.0,0.0,0.0
1415,0.0,0.0,0.0,0.0
1416,-1.2301,-1.0739899999999998,-1.2000000000000002,-1.2000000000000002
1417,-0.41,-0.41,-0.30000000000000004,4.238140000000001
1418,-0.41,0.0,0.0,0.0
1419,0.0,0.0,0.0,0.0
1420,0.0,0.0,0.0,0.0
1421,0.0,0.0,0.0,0.0
1422,0.0,0.0,0.0,0.0
1423,0.0,0.0,0.0,0.0
1424,0.0,0.0,0.0,0.0
1425,0.0,0.0,0.0,0.0
1426,0.0,0.0,0.0,0.0
1427,0.0,0.0,0.0,0.0
1428,0.0,0.0,0.0,0.0
1429,0.0,0.0,0.0,0.0
1430,-0.51,0.0,0.0,0.0
1431,0.0,0.0,0.0,0.0
1432,0.0,0.0,0.0,0.0
1433,0.0,0.0,0.0,0.0
1434,0.0,0.0,0.0,0.0
1435,0.0,0.0,0.0,0.0
1436,0.0,0.0,0.0,0.0
1437,0.0,0.0,0.0,0.0
1438,0.0,0.0,0.0,0.0
1439,0.0,0.0,0.0,0.0
1440,-0.6290000000000001,-0.7013900000000002,-0.6000000000000001,-0.6000000000000001
1441,-0.31000000000000005,-0.31000000000000005,-0.2,4.470700000000001
1442,-0.33278300000000016,-0.6200000000000001,-0.6000000000000001,-0.6000000000000001
1443,-1.1911,-1.025241,-1.2000000000000002,-1.1979000000000002
1444,0.0,0.0,0.0,0.0
1445,-0.9910999999999999,-0.7789999999999999,-0.9000000000000001,-1.161
1446,-1.6040999999999999,-1.2564899999999999,-1.2000000000000002,-1.5
1447,-0.51,-0.51,-0.4,2.0900000000000003
1448,-1.171521,-1.578,-1.2000000000000002,-1.5
1449,-2.33779,-1.73679,-2.0,-1.8000000000000003
1450,-0.61,-0.61,-0.5,1.0
1451,-1.6531000000000002,-1.159,-1.5,-1.2000000000000002
1452,-1.1711,-1.0513909999999997,-1.2000000000000002,-1.2000000000000002
1453,-0.41,-0.41,-0.30000000000000004,4.927120000000001
1454,-0.7789999999999999,-0.41,-0.6000000000000001,-0.8
1455,0.0,0.0,0.0,0.0
1456,0.0,0.0,0.0,0.0
1457,0.0,0.0,0.0,0.0
1458,0.0,0.0,0.0,0.0
1459,0.0,0.0,0.0,0.0
1460,0.0,0.0,0.0,0.0
1461,0.0,0.0,0.0,0.0
1462,0.0,0.0,0.0,0.0
1463,0.0,0.0,0.0,0.0
1464,-0.9690000000000001,-1.0741,-1.2000000000000002,-1.0
1465,0.0,0.0,0.0,2.1812000000000005
1466,-0.51,0.0,0.0,0.0
1467,0.0,0.0,0.0,0.0
1468,0.0,0.0,0.0,0.0
1469,0.0,0.0,0.0,0.0
1470,0.0,0.0,0.0,0.0
1471,0.0,0.0,0.0,0.0
1472,0.0,0.0,0.0,0.0
1473,0.0,0.0,0.0,0.0
1474,0.0,0.0,0.0,0.0
1475,0.0,0.0,0.0,0.0
1476,0.0,0.0,0.0,0.0
1477,-0.61,-0.61,-0.5,2.099937
1478,0.0,0.0,0.0,0.0
1479,0.0,0.0,0.0,0.0
1480,0.0,0.0,0.0,0.0
1481,0.0,0.0,0.0,0.0
1482,0.0,0.0,0.0,0.0
1483,0.0,0.0,0.0,0.0
1484,0.0,0.0,0.0,0.0
1485,0.0,0.0,0.0,0.0
1486,0.0,0.0,0.0,0.0
1487,0.0,0.0,0.0,0.0
1488,-1.9684909999999998,-0.20975890743499948,-1.2000000000000002,-1.2000000000000002
1489,-0.41,-0.41,-0.30000000000000004,5.491798000000001
1490,-0.3093159999999998,-0.41,-0.6000000000000001,-0.8
1491,-1.5741,-1.42029,-1.6000000000000003,-1.9549
1492,-0.51,0.0,0.0,3.6570000000000005
1493,-0.51,0.0,0.0,0.0
1494,-1.159,-1.159,-1.0,-1.2000000000000002
1495,-0.61,-0.61,-0.5,1.8
1496,-1.159,-0.61,-1.0,-1.2000000000000002
1497,0.0,0.0,0.0,0.0
1498,-0.71,-0.71,-0.6000000000000001,3.3017379
1499,0.0,0.0,0.0,0.0
1500,-1.4621,-1.2641,-1.5769000000000004,-1.0
1501,-0.51,-0.51,0.0,1.1
1502,-0.51,0.0,0.0,0.0
1503,0.0,0.0,0.0,0.0
1504,0.0,0.0,0.0,0.0
1505,0.0,0.0,0.0,0.0
1506,0.0,0.0,0.0,0.0
1507,0.0,0.0,0.0,0.0
1508,0.0,0.0,0.0,0.0
1509,0.0,0.0,0.0,0.0
1510,0.0,0.0,0.0,0.0
1511,0.0,0.0,0.0,0.0
1512,-1.259,-1.159,-1.0,-1.2000000000000002
1513,-1.259,-0.61,-0.5,1.0
1514,0.0,0.0,0.0,0.0
1515,0.0,0.0,0.0,0.0
1516,0.0,0.0,0.0,0.0
1517,0.0,0.0,0.0,0.0
1518,0.0,0.0,0.0,0.0
1519,0.0,0.0,0.0,0.0
1520,0.0,0.0,0.0,0.0
1521,0.0,0.0,0.0,0.0
1522,0.0,0.0,0.0,0.0
1523,0.0,0.0,0.0,0.0
1524,0.0,0.0,0.0,0.0
1525,-0.71,-0.71,-0.6000000000000001,0.9
1526,-0.71,0.0,0.0,0.0
1527,0.0,0.0,0.0,0.0
1528,0.0,0.0,0.0,0.0
1529,0.0,0.0,0.0,0.0
1530,0.0,0.0,0.0,0.0
1531,0.0,0.0,0.0,0.0
1532,0.0,0.0,0.0,0.0
1533,0.0,0.0,0.0,0.0
1534,0.0,0.0,0.0,0.0
1535,0.0,0.0,0.0,0.0
1536,0.0,0.0,0.0,0.0
1537,0.0,0.0,0.0,0.0
1538,0.0,0.0,0.0,0.0
1539,-0.21000000000000002,-0.21000000000000002,0.5700000000000001,0.0
1540,-0.21000000000000002,-0.21000000000000002,0.5700000000000001,0.0
1541,-0.21000000000000002,-0.21000000000000002,1.8806730699500005,-0.15645
1542,-0.31000000000000005,-0.31000000000000005,1.1400000000000001,0.0
1543,-0.31000000000000005,-0.31000000000000005,1.6260000000000003,0.0
1544,-0.31000000000000005,-0.31000000000000005,2.1008315599,-0.30000000000000004
1545,-0.41,-0.8200000000000001,2.439,0.0
1546,-0.41,-0.41,1.7762089,0.0
1547,-0.41,-0.41,3.3311131131755856,0.0
1548,-0.42000000000000004,-0.4878,-0.4000000000000001,-0.4
1549,-0.42000000000000004,-0.36900000000000005,-0.39100000000000007,-0.4
1550,-0.21000000000000002,-0.21000000000000002,0.0,0.0
1551,-0.31000000000000005,-0.31000000000000005,0.2,0.0
1552,-0.31000000000000005,-0.31000000000000005,0.0,0.0
1553,-0.31000000000000005,-0.31000000000000005,0.42000000000000004,0.0
1554,-0.41,-0.41,0.5,0.0
1555,-0.41,-0.41,0.5,0.0
1556,-0.41,-0.41,1.2020000000000002,0.0
1557,-0.51,-0.51,0.77,0.0
1558,-0.51,-0.51,0.8,0.0
1559,-0.51,-0.51,0.9400000000000001,0.0
1560,-0.6200000000000001,-0.5290000000000001,-0.4,-0.6000000000000001
1561,-0.9300000000000002,-0.8149200000000002,-0.8000000000000002,-0.9000000000000001
1562,0.0,0.0,0.0,0.0
1563,-0.41,-0.41,0.0,0.0
1564,-0.41,-0.41,0.1,0.0
1565,-0.41,-0.41,0.0,0.0
1566,-0.51,-0.51,0.0,0.0
1567,-0.51,-0.9690000000000001,0.9880000000000002,0.0
1568,-0.8382000000000001,-0.51,2.28972,0.0
1569,-0.61,-0.61,1.2700000000000002,0.0
1570,-0.61,-0.61,0.0,0.0
1571,-0.61,-0.61,0.0,0.0
1572,-0.8200000000000001,-0.38078554152259236,-0.6000000000000001,-0.8
1573,-0.41,-0.41,0.0,0.0
1574,-1.5661,-0.6114412365490001,-0.9000000000000001,-0.8
1575,0.0,0.0,0.0,0.0
1576,-0.51,-0.51,0.0,0.0
1577,-0.51,-0.42917539999999993,0.0,0.0
1578,-0.61,-0.61,0.0,0.0
1579,-0.61,-1.159,0.30000000000000004,0.0
1580,-0.61,-0.61,0.6359000000000001,0.0
1581,0.0,0.0,0.0,0.0
1582,-0.71,-0.71,0.0,0.0
1583,-0.71,-0.71,0.0,0.0
1584,-1.4541000000000006,-1.378739327506,-1.2910000000000006,-1.5700100000000001
1585,-0.609,-0.5901000000000001,-0.4000000000000001,-0.5999000000000001
1586,-0.8400000000000003,-0.9438810000000001,-0.8000000000000003,-0.7900000000000001
1587,-0.31000000000000005,-0.31000000000000005,0.32,0.0
1588,-0.31000000000000005,0.0,0.3438,0.0
1589,-0.31000000000000005,-0.31000000000000005,0.236,0.0
1590,-0.41,-0.41,0.92,0.0
1591,-0.7789999999999999,-0.41,0.9400000000000001,0.0
1592,-0.41,-0.41,1.036,-0.35000000000000003
1593,-0.51,-0.51,0.75,0.0
1594,-0.51,-0.51,2.794262030016,0.0
1595,-0.51,-0.51,1.4372402400000004,0.0
1596,-0.31000000000000005,-0.31000000000000005,0.0,0.0
1597,-0.6200000000000001,-0.7950700000000003,-0.6000000000000001,-0.6000000000000001
1598,-0.31000000000000005,-0.31000000000000005,0.0,0.0
1599,-0.41,-0.41,0.185,0.0
1600,-0.7789999999999999,-0.41,0.0,0.0
1601,-0.41,-0.41,0.3550000000000001,0.0
1602,-0.9690000000000001,-0.51,0.4,0.0
1603,-0.51,-0.51,0.7290000000000001,0.0
1604,-0.51,-0.51,0.0,0.0
1605,-1.159,-0.61,0.68,0.0
1606,-0.61,-0.61,0.7000000000000001,0.0
1607,-0.61,-0.61,1.4600000000000002,0.0
1608,-0.8200000000000001,-1.06501,-0.9000000000000001,-0.8
1609,-0.8200000000000001,-0.7789999999999999,-0.6000000000000001,-0.8
1610,-0.8200000000000001,-0.7789999999999999,-0.6000000000000001,-0.8
1611,-0.51,-0.51,-0.041,-0.5
1612,-0.51,-0.51,0.0,0.0
1613,-0.51,-0.51,0.0,0.0
1614,-0.61,-0.61,0.7330000000000001,0.0
1615,-0.61,-0.61,0.0,0.0
1616,-0.61,-0.61,0.0,0.0
1617,-0.71,-0.71,0.54,0.0
1618,-0.71,-0.71,0.6000000000000001,0.0
1619,-0.71,-0.71,0.6000000000000001,0.0
1620,-0.51,-0.51,0.0,0.0
1621,-1.53,-0.7931028947136002,-1.1600000000000001,-1.5
1622,-1.02,-0.9258578999999999,-0.8,-1.0
1623,-0.61,-0.61,-0.1,0.0
1624,-0.61,-0.61,0.0,0.0
1625,0.0,0.0,0.0,0.0
1626,-0.71,-0.71,0.30000000000000004,0.0
1627,-0.71,-0.71,0.3700000000000001,-0.7000000000000001
1628,0.0,-0.71,0.0,0.0
1629,0.0,0.0,0.0,0.0
1630,-0.81,-0.81,0.0,0.0
1631,-0.81,-0.81,0.5,0.0
1632,-0.6200000000000001,-0.8990000000000002,-0.6000000000000001,-0.6000000000000001
1633,-0.31000000000000005,-0.31000000000000005,0.0,0.0
1634,-0.9300000000000002,-0.9269000000000002,-0.8000000000000002,-0.9000000000000001
1635,-0.41,-0.41,0.06699999999999996,0.0
1636,0.0,0.0,0.15000000000000002,0.0
1637,0.0,0.0,0.0,0.0
1638,-0.51,-0.51,0.9100000000000001,0.0
1639,-0.51,-0.51,0.4,0.0
1640,-0.51,-0.51,0.4,0.0
1641,-1.159,-0.61,0.6400000000000001,0.0
1642,-0.61,-0.61,0.7000000000000001,0.0
1643,-0.61,-0.61,1.13623,0.0
1644,-0.7789999999999999,-0.7789999999999999,-0.6000000000000001,-0.8
1645,-0.8200000000000001,-1.1111,-0.9000000000000001,-0.8
1646,-0.41,-0.41,0.0,0.0
1647,-0.51,-0.51,0.0,0.0
1648,-0.51,-0.51,0.0,0.0
1649,-0.51,-0.51,0.020000000000000004,0.0
1650,0.0,0.0,0.0,0.0
1651,-0.61,-0.61,0.30000000000000004,0.0
1652,-0.61,-0.61,0.30000000000000004,0.0
1653,0.0,0.0,0.0,0.0
1654,-0.71,-0.71,1.08,0.0
1655,-0.71,-0.71,1.2600000000000002,0.0
1656,-0.51,-0.51,-0.4,-0.5
1657,-0.51,-0.51,0.0,0.0
1658,-0.51,-0.51,0.0,0.0
1659,-0.61,-0.61,0.0,0.0
1660,-0.61,-0.61,-0.27,-0.6000000000000001
1661,-0.61,-0.61,-0.1,-0.6000000000000001
1662,-0.71,-0.71,0.30000000000000004,0.0
1663,-0.71,-0.71,0.30000000000000004,0.0
1664,-0.71,-0.71,0.0,0.0
1665,-0.81,-1.5290000000000001,0.42000000000000004,0.0
1666,-1.5390000000000001,-0.81,0.5,0.0
1667,-0.81,-0.81,0.5,0.0
1668,-0.61,-0.61,0.0,0.0
1669,-0.61,-0.61,0.0,0.0
1670,-0.61,-0.61,0.0,0.0
1671,-0.71,-0.71,-0.5000000000000001,-0.7000000000000001
1672,-0.71,-0.71,-0.2,0.0
1673,-0.71,-0.71,0.0,0.0
1674,-0.81,-0.81,0.1,0.0
1675,-0.81,-0.81,0.1,0.0
1676,0.0,0.0,0.1,0.0
1677,-0.91,-1.729,0.0,-0.9
1678,-0.91,-0.91,0.6600000000000001,0.0
1679,-0.91,-0.91,0.0,0.0
1680,-1.6400000000000001,-1.8941251523349998,-1.7800000000000002,-1.6000000000000003
1681,-0.8200000000000001,-0.8200000000000001,-0.6000000000000001,-0.8
1682,-2.0090000000000003,-2.2795129,-2.1000000000000005,-2.0000000000000004
1683,-0.51,-0.51,-0.08000000000000002,0.0
1684,-0.51,-0.51,0.0,0.0
1685,-0.51,-0.51,0.0,0.0
1686,-0.61,0.0,0.6172000000000001,0.0
1687,-0.61,-0.61,0.30000000000000004,0.0
1688,-0.61,-0.61,0.30000000000000004,0.0
1689,-0.71,-0.71,0.39999999999999997,0.0
1690,-0.71,0.0,1.08,0.0
1691,-0.71,-0.71,3.172662520000001,0.0
1692,-0.51,-0.9690000000000001,-0.4,-0.5
1693,-1.0090000000000001,-1.3801,-1.2000000000000002,-1.0
1694,-0.51,-0.9690000000000001,-0.4,0.0
1695,-0.61,-0.61,-0.6487,-0.6000000000000001
1696,-0.61,-0.61,0.0,0.0
1697,0.0,-0.61,0.0,0.0
1698,-0.71,-0.71,0.2,0.0
1699,-0.71,-0.71,0.28,0.0
1700,-0.71,-1.349,0.2,0.0
1701,0.0,-0.81,0.0,0.0
1702,-0.81,-0.81,0.0,0.0
1703,-0.81,-0.81,1.06,0.0
1704,-0.61,-0.61,0.0,0.0
1705,0.0,0.0,0.0,0.0
1706,-0.61,-0.61,-0.5,0.0
1707,-0.71,-0.71,-0.2,0.0
1708,-0.71,-0.71,-0.2,0.0
1709,-0.71,-0.71,0.0,0.0
1710,-0.81,-0.81,0.09000000000000001,0.0
1711,-0.81,-0.81,0.0,0.0
1712,-0.81,-0.81,0.0,0.0
1713,-0.91,-0.91,0.4,0.0
1714,-0.91,-0.91,0.4,0.0
1715,0.0,0.0,0.0,0.0
1716,-1.42,-1.1994780271,-1.2000000000000002,-1.4000000000000001
1717,-2.13,-2.3588899999999997,-2.3510000000000004,-2.1000000000000005
1718,-1.42,-1.349,-1.2000000000000002,-1.4000000000000001
1719,-0.81,-0.81,-0.30000000000000004,0.0
1720,-0.81,-0.81,-0.30000000000000004,0.0
1721,-0.81,-0.81,-0.30000000000000004,0.0
1722,-0.91,-0.91,0.0,-1.71
1723,-0.91,-0.91,0.0,0.0
1724,-0.91,-1.729,0.0,0.0
1725,-1.01,-1.01,0.0,0.0
1726,-1.01,-1.01,0.30000000000000004,0.0
1727,-1.01,-1.01,0.30000000000000004,0.0
1728,-0.8961677792262975,-0.951406311055971,0.0,-0.8649148282327008
1729,-0.57387341,-0.040650000000000026,0.0,0.0
1730,-0.11000000000000001,-0.11000000000000001,0.0,3.4309470195500005
1731,-0.21000000000000002,-0.21000000000000002,0.8130000000000002,0.0
1732,-0.21000000000000002,-0.21000000000000002,0.0,0.0
1733,-0.399,-0.21000000000000002,4.166562010648001,0.0
1734,-0.31000000000000005,-0.31000000000000005,0.6000000000000001,0.0
1735,-0.31000000000000005,-0.31000000000000005,0.628471,0.0
1736,-0.31000000000000005,-0.31000000000000005,6.288677093762648,0.0
1737,-0.41,-0.41,0.0,0.0
1738,-0.41,-0.41,0.0,0.0
1739,-0.41,-0.41,3.955657720860001,0.0
1740,-0.42000000000000004,-0.399,-0.39100000000000007,-0.4
1741,-0.21000000000000002,-0.21000000000000002,0.0,0.0
1742,-0.21000000000000002,-0.21000000000000002,-0.1,0.76
1743,-0.31000000000000005,-0.31000000000000005,0.0,0.0
1744,0.0,0.0,0.0,0.0
1745,0.0,0.0,0.0,0.0
1746,0.0,0.0,0.0,0.0
1747,0.0,0.0,0.0,0.0
1748,-0.41,-0.41,0.0,0.0
1749,-0.51,-0.51,0.0,0.0
1750,0.0,0.0,0.0,0.0
1751,-0.51,-0.51,0.0,0.0
1752,0.0,0.0,0.0,0.0
1753,-0.6200000000000001,-0.4675735000000001,-0.4,-0.6000000000000001
1754,-0.31000000000000005,-0.31000000000000005,0.0,0.0
1755,-0.41,-0.41,0.0,0.0
1756,-0.41,-0.41,0.0,-0.76
1757,0.0,0.0,0.0,0.0
1758,-0.51,-0.51,0.0,0.0
1759,-0.51,-0.51,0.0,0.0
1760,-0.51,-0.51,0.0,0.0
1761,0.0,0.0,0.0,0.0
1762,-0.61,-0.61,0.0,0.0
1763,0.0,0.0,0.0,0.0
1764,-0.41,-0.41,0.0,0.0
1765,-0.8200000000000001,-0.71438,-0.6000000000000001,-0.8
1766,-0.41,-0.41,-0.30000000000000004,0.1388558763451
1767,0.0,0.0,0.0,0.0
1768,-0.51,-0.51,0.0,0.0
1769,0.0,0.0,0.0,0.0
1770,-0.61,-0.61,0.0,-0.6000000000000001
1771,0.0,0.0,0.0,0.0
1772,-0.61,-0.61,0.0,0.0
1773,0.0,0.0,0.0,0.0
1774,0.0,0.0,0.0,0.0
1775,-0.71,-0.71,0.0,0.0
1776,-0.6300000000000001,-0.9799720000000002,-0.7000000000000002,-0.6000000000000001
1777,-0.42000000000000004,-0.43653000000000003,-0.39000000000000007,-0.4
1778,-0.21000000000000002,0.0,0.0,0.6840000000000002
1779,-0.31000000000000005,-0.31000000000000005,0.11999999999999998,0.0
1780,-0.31000000000000005,-0.31000000000000005,0.0,0.0
1781,-0.31000000000000005,-0.31000000000000005,0.43306000000000006,0.0
1782,-0.41,0.0,0.8223429567540002,0.0
1783,-0.41,-0.41,0.0,0.0
1784,-0.41,-0.41,0.9677040000000002,0.0
1785,-0.51,-0.51,0.4,0.0
1786,0.0,0.0,0.0,0.0
1787,-0.51,-0.51,0.8900000000000001,0.0
1788,-0.9300000000000002,-1.0112850555501856,-0.9900000000000002,-0.9000000000000001
1789,0.0,0.0,0.0,0.0
1790,-0.31000000000000005,-0.31000000000000005,-0.2,0.8130000000000002
1791,0.0,0.0,0.0,0.0
1792,0.0,0.0,0.0,0.0
1793,0.0,0.0,0.0,0.0
1794,0.0,0.0,0.0,0.0
1795,0.0,0.0,0.0,0.0
1796,0.0,0.0,0.0,0.0
1797,0.0,0.0,0.0,0.0
1798,0.0,0.0,0.0,0.0
1799,0.0,0.0,0.0,0.0
1800,-0.8200000000000001,-1.0640999999999998,-0.9000000000000001,-0.8
1801,-0.8200000000000001,-0.7789999999999999,-0.6000000000000001,-0.8
1802,0.0,0.0,0.0,0.0
1803,0.0,0.0,0.0,0.0
1804,0.0,0.0,0.0,0.0
1805,0.0,0.0,0.0,0.0
1806,0.0,0.0,0.0,0.0
1807,0.0,0.0,0.0,0.0
1808,0.0,0.0,0.0,0.0
1809,0.0,0.0,0.0,0.0
1810,0.0,0.0,0.0,0.0
1811,0.0,0.0,0.0,0.0
1812,-1.02,-0.9690000000000001,-0.8,-1.0
1813,0.0,0.0,0.0,0.0
1814,0.0,0.0,0.0,0.0
1815,0.0,0.0,0.0,0.0
1816,0.0,0.0,0.0,0.0
1817,0.0,0.0,0.0,0.0
1818,0.0,0.0,0.0,0.0
1819,0.0,0.0,0.0,0.0
1820,0.0,0.0,0.0,0.0
1821,0.0,0.0,0.0,0.0
1822,0.0,0.0,0.0,0.0
1823,0.0,0.0,0.0,0.0
1824,-1.8600000000000003,-1.8765818181500005,-1.8000000000000007,-1.8000000000000005
1825,-0.6200000000000001,-0.7831000000000004,-0.6000000000000001,-0.6000000000000001
1826,0.0,0.0,0.0,0.0
1827,-0.41,-0.41,-0.050000000000000044,0.0
1828,0.0,0.0,0.0,0.0
1829,0.0,0.0,0.0,0.0
1830,0.0,0.0,0.0,0.0
1831,0.0,0.0,0.0,0.0
1832,-0.51,-0.51,0.53,0.0
1833,0.0,0.0,0.0,0.0
1834,-0.61,-0.61,0.0,0.0
1835,-0.61,-0.61,0.528,0.0
1836,-0.8089999999999999,-0.7789999999999999,-0.6000000000000001,-0.8
1837,-0.819,-0.7789999999999999,-0.6000000000000001,-0.8
1838,-0.41,-0.41,-0.30000000000000004,0.38
1839,0.0,0.0,0.0,0.0
1840,0.0,0.0,0.0,0.0
1841,0.0,0.0,0.0,0.0
1842,0.0,0.0,0.0,0.0
1843,0.0,0.0,0.0,0.0
1844,0.0,0.0,0.0,0.0
1845,0.0,0.0,0.0,0.0
1846,0.0,0.0,0.0,0.0
1847,0.0,0.0,0.0,0.0
1848,0.0,0.0,0.0,0.0
1849,-1.02,-1.3421,-1.2000000000000002,-1.0
1850,-0.51,-0.51,-0.4,0.1
1851,0.0,0.0,0.0,0.0
1852,0.0,0.0,0.0,0.0
1853,0.0,0.0,0.0,0.0
1854,0.0,0.0,0.0,0.0
1855,0.0,0.0,0.0,0.0
1856,0.0,0.0,0.0,0.0
1857,0.0,0.0,0.0,0.0
1858,0.0,0.0,0.0,0.0
1859,0.0,0.0,0.0,0.0
1860,-1.8300000000000005,-2.07579,-2.0,-1.8000000000000003
1861,-1.2200000000000002,-1.159,-1.0,-1.2000000000000002
1862,0.0,0.0,0.0,0.0
1863,0.0,0.0,0.0,0.0
1864,0.0,0.0,0.0,0.0
1865,0.0,0.0,0.0,0.0
1866,0.0,0.0,0.0,0.0
1867,0.0,0.0,0.0,0.0
1868,0.0,0.0,0.0,0.0
1869,0.0,0.0,0.0,0.0
1870,0.0,0.0,0.0,0.0
1871,0.0,0.0,0.0,0.0
1872,-1.6400000000000001,-1.874201,-1.8000000000000005,-1.6000000000000003
1873,-0.8200000000000001,-0.7789999999999999,-0.6000000000000001,-0.8
1874,-0.41,-0.41,-0.30000000000000004,0.17999999999999997
1875,0.0,0.0,0.0,0.0
1876,0.0,0.0,0.0,0.0
1877,-0.51,-0.51,0.0,0.1
1878,-0.61,-0.61,0.20999999999999996,0.0
1879,0.0,-0.61,0.0,0.0
1880,-0.61,-1.2200000000000002,0.8058028,0.0
1881,0.0,0.0,0.0,0.0
1882,0.0,0.0,0.0,0.0
1883,0.0,0.0,0.0,0.0
1884,-2.0380000000000003,-2.126842490810111,-2.0000000000000004,-2.46
1885,0.0,0.0,0.0,0.0
1886,0.0,0.0,0.0,0.0
1887,0.0,0.0,0.0,0.0
1888,0.0,0.0,0.0,0.0
1889,0.0,0.0,0.0,0.0
1890,0.0,0.0,0.0,0.0
1891,0.0,0.0,0.0,0.0
1892,0.0,0.0,0.0,0.0
1893,0.0,0.0,0.0,0.0
1894,0.0,0.0,0.0,0.0
1895,0.0,0.0,0.0,0.0
1896,-1.2200000000000002,-1.159,-1.0,-1.2000000000000002
1897,-1.2200000000000002,-1.159,-1.0,-1.2000000000000002
1898,0.0,0.0,0.0,0.0
1899,0.0,0.0,0.0,0.0
1900,0.0,0.0,0.0,0.0
1901,0.0,0.0,0.0,0.0
1902,0.0,0.0,0.0,0.0
1903,0.0,0.0,0.0,0.0
1904,0.0,0.0,0.0,0.0
1905,0.0,0.0,0.0,0.0
1906,0.0,0.0,0.0,0.0
1907,0.0,0.0,0.0,0.0
1908,-0.71,-1.349,-0.6000000000000001,-0.7000000000000001
1909,-1.42,-1.349,-1.2000000000000002,-1.4000000000000001
1910,-0.71,-0.71,-0.6000000000000001,-0.1
1911,0.0,0.0,0.0,0.0
1912,0.0,0.0,0.0,0.0
1913,0.0,0.0,0.0,0.0
1914,0.0,0.0,0.0,0.0
1915,0.0,0.0,0.0,0.0
1916,0.0,0.0,0.0,0.0
1917,0.0,0.0,0.0,0.0
1918,0.0,0.0,0.0,0.0
1919,0.0,0.0,0.0,0.0
1920,-0.8203947588838101,-0.05008211310899992,0.0,-0.40951000000000004
1921,-0.934895901173301,0.12122000000000002,0.0,-0.814697981114816
1922,1.2107068490201671,-0.20900000000000002,1.1987689149100003,8.332281830033345
1923,-0.21000000000000002,-0.21000000000000002,0.30000000000000004,0.0
1924,-0.21000000000000002,-0.21000000000000002,0.0,0.0
1925,-0.21000000000000002,-0.21000000000000002,0.585,0.0
1926,-0.31000000000000005,-0.31000000000000005,0.2,0.0
1927,-0.31000000000000005,-0.31000000000000005,0.0,0.0
1928,-0.31000000000000005,-0.31000000000000005,1.3774426000000002,0.0
1929,-0.41,-0.41,0.1,-0.75
1930,-0.41,-0.41,0.0,0.0
1931,-0.41,-0.41,3.5283841687938002,0.0
1932,-0.42000000000000004,-0.399,-0.30000000000000004,-0.4
1933,-0.21000000000000002,-0.399,-0.2,-0.2
1934,-0.21000000000000002,-0.21000000000000002,-0.1,2.439
1935,0.0,0.0,0.0,0.0
1936,-0.31000000000000005,-0.31000000000000005,0.0,-0.30000000000000004
1937,0.0,0.0,0.0,0.0
1938,0.0,0.0,0.0,0.0
1939,-0.41,-0.41,0.0,0.0
1940,0.0,0.0,0.0,0.0
1941,0.0,0.0,0.0,0.0
1942,0.0,0.0,0.0,0.0
1943,-0.51,-0.51,0.0,0.0
1944,-0.31000000000000005,-0.31000000000000005,0.0,0.0
1945,-0.8990000000000002,-0.7689267888820003,-0.9800000000000002,-0.9000000000000001
1946,-0.31000000000000005,-0.31000000000000005,-0.2,3.2760800000000003
1947,0.0,0.0,0.0,0.0
1948,-0.41,-0.41,0.0,0.0
1949,0.0,0.0,0.0,0.0
1950,-0.51,-0.51,0.0,0.0
1951,-0.9690000000000001,-0.51,0.0,0.0
1952,-0.51,-0.51,0.0,0.0
1953,0.0,0.0,0.0,0.0
1954,0.0,0.0,0.0,0.0
1955,0.0,0.0,0.0,0.0
1956,0.0,-0.41,0.0,0.0
1957,-0.8200000000000001,-0.7789999999999999,-0.6000000000000001,-0.8
1958,-0.41,-0.41,0.0,1.2319558763451002
1959,0.0,0.0,0.0,0.0
1960,-0.51,-0.51,0.0,0.0
1961,0.0,0.0,0.0,0.0
1962,-0.61,-0.61,0.0,0.0
1963,0.0,0.0,0.0,0.0
1964,-0.61,-0.61,0.0,0.0
1965,0.0,0.0,0.0,0.0
1966,0.0,0.0,0.0,0.0
1967,-0.71,-0.71,0.0,0.0
1968,-1.0480000000000003,-1.1133581159413501,-1.0000000000000004,-1.0000000000000002
1969,-0.42000000000000004,-0.40570000000000006,-0.4000000000000001,-0.4
1970,-0.399,-0.21000000000000002,-0.1,2.91854
1971,-0.31000000000000005,-0.31000000000000005,0.12594696598000002,0.0
1972,-0.5890000000000002,-0.31000000000000005,0.0,0.0
1973,-0.31000000000000005,-0.31000000000000005,0.7569336000000001,0.0
1974,-0.41,-0.41,0.0,0.0
1975,-0.41,-0.41,0.0,0.0
1976,0.0,0.0,0.0,0.0
1977,0.0,0.0,0.0,0.0
1978,-0.51,-0.51,0.0,0.0
1979,0.0,0.0,0.0,0.0
1980,-0.6200000000000001,-0.5890000000000002,-0.4,-0.6000000000000001
1981,-0.6200000000000001,-0.7556334400000002,-0.6000000000000001,-0.6000000000000001
1982,0.0,0.0,0.0,0.0
1983,0.0,0.0,0.0,0.0
1984,0.0,0.0,0.0,0.0
1985,0.0,0.0,0.0,0.0
1986,0.0,0.0,0.0,0.0
1987,0.0,0.0,0.0,0.0
1988,0.0,0.0,0.0,0.0
1989,0.0,0.0,0.0,0.0
1990,0.0,0.0,0.0,0.0
1991,0.0,0.0,0.0,0.0
1992,-1.607,-1.38599,-1.2000000000000002,-1.2000000000000002
1993,0.0,0.0,0.0,0.0
1994,0.0,0.0,0.0,0.0
1995,0.0,0.0,0.0,0.0
1996,0.0,0.0,0.0,0.0
1997,0.0,0.0,0.0,0.0
1998,0.0,0.0,0.0,0.0
1999,0.0,0.0,0.0,0.0
2000,0.0,0.0,0.0,0.0
2001,0.0,0.0,0.0,0.0
2002,0.0,0.0,0.0,0.0
2003,0.0,0.0,0.0,0.0
2004,-1.02,-1.3821,-1.2000000000000002,-1.0
2005,-1.53,-1.70949,-1.6000000000000003,-1.5
2006,0.0,0.0,0.0,0.0
2007,0.0,0.0,0.0,0.0
2008,0.0,0.0,0.0,0.0
2009,0.0,0.0,0.0,0.0
2010,0.0,0.0,0.0,0.0
2011,0.0,0.0,0.0,0.0
2012,0.0,0.0,0.0,0.0
2013,0.0,0.0,0.0,0.0
2014,0.0,0.0,0.0,0.0
2015,0.0,0.0,0.0,0.0
2016,-2.1700000000000004,-2.123216749000001,-2.000000000000001,-2.1000000000000005
2017,-0.6200000000000001,-0.6881000000000003,-0.5910000000000001,-0.6000000000000001
2018,-0.31000000000000005,-0.31000000000000005,-0.2,0.76
2019,-0.41,-0.41,0.1,0.0
2020,0.0,0.0,0.0,0.0
2021,-0.41,0.0,0.44470000000000004,0.0
2022,-0.51,-0.51,-0.08810000000000003,0.0
2023,-0.51,-0.51,0.0,0.0
2024,0.0,0.0,0.0,0.0
2025,-0.61,-0.61,-0.29000000000000004,-0.6000000000000001
2026,-0.61,-0.61,0.0,0.0
2027,-0.61,-0.61,-0.1,0.0
2028,0.0,0.0,0.0,0.0
2029,-0.8200000000000001,-0.7789999999999999,-0.6000000000000001,-0.8
2030,-0.41,-0.41,-0.30000000000000004,0.7000000000000001
2031,0.0,0.0,0.0,0.0
2032,0.0,0.0,0.0,0.0
2033,0.0,0.0,0.0,0.0
2034,0.0,0.0,0.0,0.0
2035,0.0,0.0,0.0,0.0
2036,0.0,0.0,0.0,0.0
2037,0.0,0.0,0.0,0.0
2038,0.0,0.0,0.0,0.0
2039,0.0,0.0,0.0,0.0
2040,-1.02,-1.3821,-1.2000000000000002,-1.48
2041,-1.02,-1.3821,-1.2000000000000002,-1.0
2042,0.0,0.0,0.0,0.0
2043,0.0,0.0,0.0,0.0
2044,0.0,0.0,0.0,0.0
2045,0.0,0.0,0.0,0.0
2046,0.0,0.0,0.0,0.0
2047,0.0,0.0,0.0,0.0
2048,0.0,0.0,0.0,0.0
2049,0.0,0.0,0.0,0.0
2050,0.0,0.0,0.0,0.0
2051,0.0,0.0,0.0,0.0
2052,-1.2200000000000002,-1.159,-1.0,-1.2000000000000002
2053,-0.61,-0.61,0.0,0.0
2054,-0.61,-0.61,-0.5,0.5
2055,0.0,0.0,0.0,0.0
2056,0.0,0.0,0.0,0.0
2057,0.0,0.0,0.0,0.0
2058,0.0,0.0,0.0,0.0
2059,0.0,0.0,0.0,0.0
2060,0.0,0.0,0.0,0.0
2061,0.0,0.0,0.0,0.0
2062,0.0,0.0,0.0,0.0
2063,0.0,0.0,0.0,0.0
2064,-2.8700000000000006,-2.8273817857335004,-2.6900000000000004,-2.8000000000000007
2065,-0.8200000000000001,-0.7789999999999999,-0.6000000000000001,-0.8
2066,-0.41,-0.7789999999999999,-0.30000000000000004,1.33
2067,0.0,0.0,0.0,0.0
2068,-0.51,-0.51,0.0,0.0
2069,-0.51,-0.51,0.0,0.0
2070,-0.61,-0.61,-0.29200000000000004,-0.6000000000000001
2071,-0.61,-0.61,-0.1,0.0
2072,-0.61,-0.61,-0.1,0.0
2073,-0.71,-0.71,0.0,0.0
2074,0.0,0.0,0.0,0.0
2075,0.0,0.0,0.0,0.0
2076,-1.02,-0.9690000000000001,-0.8,-1.0
2077,-1.528,-1.7213700000000003,-1.6000000000000003,-1.5
2078,-0.51,-0.51,-0.4,0.6000000000000001
2079,0.0,0.0,0.0,0.0
2080,0.0,0.0,0.0,0.0
2081,0.0,0.0,0.0,0.0
2082,0.0,0.0,0.0,0.0
2083,0.0,0.0,0.0,0.0
2084,0.0,0.0,0.0,0.0
2085,0.0,0.0,0.0,0.0
2086,0.0,0.0,0.0,0.0
2087,0.0,0.0,0.0,0.0
2088,-1.2200000000000002,-1.6531000000000002,-1.5,-1.2000000000000002
2089,0.0,0.0,0.0,0.0
2090,0.0,0.0,0.0,0.0
2091,0.0,0.0,0.0,0.0
2092,0.0,0.0,0.0,0.0
2093,0.0,0.0,0.0,0.0
2094,0.0,0.0,0.0,0.0
2095,0.0,0.0,0.0,0.0
2096,0.0,0.0,0.0,0.0
2097,0.0,0.0,0.0,0.0
2098,0.0,0.0,0.0,0.0
2099,0.0,0.0,0.0,0.0
2100,0.0,0.0,0.0,0.0
2101,0.0,0.0,0.0,0.0
2102,0.0,0.0,0.0,0.0
2103,0.0,0.0,0.0,0.0
2104,0.0,0.0,0.0,0.0
2105,0.0,0.0,0.0,0.0
2106,0.0,0.0,0.0,0.0
2107,0.0,0.0,0.0,0.0
2108,0.0,0.0,0.0,0.0
2109,0.0,0.0,0.0,0.0
2110,0.0,0.0,0.0,0.0
2111,0.0,0.0,0.0,0.0
2112,-0.6738374621000001,-0.12341932211044149,0.0,-0.5695327900000001
2113,-0.20900000000000002,1.4628624398500003,0.0,0.0
2114,0.48445465,0.035206030999999985,0.989299185,13.522843646724587
2115,-0.42000000000000004,-0.5901000000000001,-0.4000000000000001,-0.4
2116,-0.21000000000000002,-0.21000000000000002,0.0,0.0
2117,0.5342418148600004,-0.21000000000000002,1.2526261548600006,9.938622143740004
2118,-1.2400000000000002,-1.4181790000000003,-1.2000000000000002,-1.2000000000000002
2119,-0.31000000000000005,-0.31000000000000005,0.0,0.0
2120,-0.31000000000000005,-0.31000000000000005,-0.2,10.4936052199862
2121,-0.41,-0.41,0.0,0.0
2122,0.0,0.0,0.0,0.0
2123,-0.41,-0.41,0.0,8.231705798756087
2124,-0.7981000000000001,-0.7890900000000001,-0.6000000000000001,-0.6000000000000001
2125,-0.42000000000000004,0.36372993220000005,-0.30000000000000004,-0.39
2126,-0.21000000000000002,-0.3811591000000001,-0.1,5.733140000000001
2127,-0.31000000000000005,-0.31000000000000005,0.0,0.0
2128,-0.31000000000000005,-0.31000000000000005,0.0,0.0
2129,0.0,0.0,0.0,0.0
2130,-0.41,-0.41,-0.30000000000000004,0.0
2131,-0.41,-0.41,0.0,0.0
2132,-0.41,-0.41,-0.30000000000000004,5.941889000000001
2133,-0.51,-0.51,0.0,0.0
2134,-0.51,-0.51,0.0,0.0
2135,-0.51,-0.51,-0.4,2.9810000000000003
2136,-1.2400000000000002,-1.4019110000000004,-1.1800000000000002,-1.2000000000000002
2137,-0.31000000000000005,-0.31000000000000005,0.0,0.0
2138,-0.5890000000000002,-0.31000000000000005,-0.2,1.3
2139,0.0,0.0,0.0,0.0
2140,-0.8200000000000001,-0.35277,-0.6000000000000001,-0.8
2141,-0.41,-0.41,-0.30000000000000004,1.2000000000000002
2142,0.0,0.0,0.0,0.0
2143,0.0,0.0,0.0,0.0
2144,-0.51,-0.51,-0.76,1.2794
2145,-0.61,-0.61,0.0,0.0
2146,-0.61,-0.61,0.0,0.0
2147,-0.61,-0.61,-0.5,1.0
2148,0.0,0.0,0.0,0.0
2149,0.0,-0.41,0.0,0.0
2150,-0.41,-0.41,-0.30000000000000004,2.1638261650556903
2151,0.0,0.0,0.0,0.0
2152,-0.51,-0.51,0.0,0.0
2153,-0.51,-0.51,0.0,1.1
2154,0.0,0.0,0.0,0.0
2155,-0.61,-0.61,0.0,-0.6000000000000001
2156,-0.61,-0.61,-0.5,1.03
2157,-1.349,-0.71,0.0,0.0
2158,0.0,0.0,0.0,0.0
2159,0.0,0.0,0.0,0.0
2160,-0.8400000000000003,-0.4610623945225518,-0.8000000000000003,-0.8000000000000002
2161,-0.42000000000000004,1.4172880041606404,-0.4000000000000001,-0.4
2162,-0.21000000000000002,-0.21000000000000002,-0.1,8.256981349600002
2163,-0.6200000000000001,-0.8801000000000003,-0.6000000000000001,-0.8710000000000002
2164,0.0,-0.31000000000000005,0.0,0.0
2165,-0.5890000000000002,-0.31000000000000005,-0.2,3.5678400000000003
2166,-0.8200000000000001,-0.839,-0.6000000000000001,-0.8
2167,0.0,0.0,0.0,0.0
2168,-0.41,-0.41,-0.30000000000000004,2.3836000000000004
2169,0.0,-0.51,0.0,0.0
2170,-0.51,-0.51,0.0,0.0
2171,-0.51,-0.51,-0.4,1.1
2172,-1.2400000000000002,-1.4537890000000004,-1.4000000000000004,-1.5000000000000004
2173,-0.6200000000000001,-0.5890000000000002,-0.4,-0.6000000000000001
2174,-0.31000000000000005,-0.31000000000000005,-0.2,2.47
2175,0.0,0.0,0.0,0.0
2176,0.0,0.0,0.0,0.0
2177,0.0,0.0,0.0,0.0
2178,0.0,0.0,0.0,0.0
2179,0.0,0.0,0.0,0.0
2180,0.0,0.0,0.0,0.0
2181,0.0,0.0,0.0,0.0
2182,0.0,0.0,0.0,0.0
2183,0.0,0.0,0.0,0.0
2184,-1.23,-1.5751000000000002,-1.4900000000000002,-1.5620000000000003
2185,-0.41,-0.7789999999999999,-0.30000000000000004,-0.4
2186,-0.41,-0.41,-0.30000000000000004,1.2000000000000002
2187,0.0,0.0,0.0,0.0
2188,0.0,0.0,0.0,0.0
2189,0.0,0.0,0.0,0.0
2190,0.0,0.0,0.0,0.0
2191,0.0,0.0,0.0,0.0
2192,0.0,0.0,0.0,0.0
2193,0.0,0.0,0.0,0.0
2194,0.0,0.0,0.0,0.0
2195,0.0,0.0,0.0,0.0
2196,0.0,0.0,0.0,0.0
2197,0.0,0.0,0.0,0.0
2198,-0.51,-0.51,-0.4,1.1
2199,0.0,0.0,0.0,0.0
2200,0.0,0.0,0.0,0.0
2201,0.0,0.0,0.0,0.0
2202,0.0,0.0,0.0,0.0
2203,0.0,0.0,0.0,0.0
2204,0.0,0.0,0.0,0.0
2205,0.0,0.0,0.0,0.0
2206,0.0,0.0,0.0,0.0
2207,0.0,0.0,0.0,0.0
2208,-0.9300000000000002,-1.1060900000000002,-1.0000000000000002,-0.9000000000000001
2209,-0.6200000000000001,-0.3420000000000001,-0.4,-0.6000000000000001
2210,-0.31000000000000005,-0.31000000000000005,-0.2,5.851463
2211,-1.23,-1.6033100000000002,-1.4810000000000003,-1.6000000000000003
2212,0.0,0.0,0.0,0.0
2213,-0.41,-0.41,-0.30000000000000004,3.2520000000000007
2214,-2.04,-2.318721,-2.0000000000000004,-2.0
2215,-0.51,-0.51,-0.4,-0.5
2216,-0.9690000000000001,-0.51,-0.4,4.64217
2217,-2.4400000000000004,-2.40679,-2.0,-2.4000000000000004
2218,-0.61,-0.61,0.0,0.0
2219,-0.61,-1.259,-0.5,1.0
2220,-1.23,-1.2259000000000002,-0.9000000000000001,-1.2000000000000002
2221,-0.8200000000000001,-0.59042,-0.9000000000000001,-1.1800000000000002
2222,-0.41,-0.7789999999999999,-0.30000000000000004,2.2800000000000002
2223,0.0,0.0,0.0,0.0
2224,0.0,0.0,0.0,0.0
2225,0.0,0.0,0.0,0.0
2226,0.0,0.0,0.0,0.0
2227,0.0,0.0,0.0,0.0
2228,0.0,0.0,0.0,0.0
2229,0.0,0.0,0.0,0.0
2230,0.0,0.0,0.0,0.0
2231,0.0,0.0,0.0,0.0
2232,-1.479,-1.508,-1.2000000000000002,-1.5
2233,-0.51,-0.51,0.0,0.0
2234,-0.51,-0.51,-0.4,1.1
2235,0.0,0.0,0.0,0.0
2236,0.0,0.0,0.0,0.0
2237,0.0,0.0,0.0,0.0
2238,0.0,0.0,0.0,0.0
2239,0.0,0.0,0.0,0.0
2240,0.0,0.0,0.0,0.0
2241,0.0,0.0,0.0,0.0
2242,0.0,0.0,0.0,0.0
2243,0.0,0.0,0.0,0.0
2244,0.0,0.0,0.0,0.0
2245,-1.2200000000000002,-1.542577,-1.5,-1.2000000000000002
2246,0.0,0.0,0.0,0.0
2247,0.0,0.0,0.0,0.0
2248,0.0,0.0,0.0,0.0
2249,0.0,0.0,0.0,0.0
2250,0.0,0.0,0.0,0.0
2251,0.0,0.0,0.0,0.0
2252,0.0,0.0,0.0,0.0
2253,0.0,0.0,0.0,0.0
2254,0.0,0.0,0.0,0.0
2255,0.0,0.0,0.0,0.0
2256,-2.4190000000000005,-2.53769029,-2.400000000000001,-2.4000000000000004
2257,-0.8200000000000001,-0.9910999999999999,-0.6000000000000001,-0.8
2258,-0.41,-0.41,-0.30000000000000004,5.997002680000001
2259,-2.04,-2.321811,-2.0000000000000004,-1.9969000000000003
2260,-1.02,-0.6759999999999999,-0.8,-1.0
2261,-0.51,-0.51,-0.4,1.1
2262,-1.2200000000000002,-1.2200000000000002,-1.0,-1.1900000000000002
2263,-0.61,-0.61,0.0,0.0
2264,-0.61,-0.61,-0.5,1.03
2265,0.0,0.0,0.0,0.0
2266,-0.71,-0.71,0.0,0.0
2267,0.0,0.0,0.0,0.0
2268,-1.53,-1.5249000000000001,-1.5820000000000003,-1.5
2269,-0.9690000000000001,-0.51,0.0,0.0
2270,-0.51,-0.51,-0.4,2.0900000000000003
2271,0.0,0.0,0.0,0.0
2272,0.0,0.0,0.0,0.0
2273,0.0,0.0,0.0,0.0
2274,0.0,0.0,0.0,0.0
2275,0.0,0.0,0.0,0.0
2276,0.0,0.0,0.0,0.0
2277,0.0,0.0,0.0,0.0
2278,0.0,0.0,0.0,0.0
2279,0.0,0.0,0.0,0.0
2280,-1.8080000000000003,-1.7141000000000002,-1.5,-1.2000000000000002
2281,-1.2200000000000002,-1.6531000000000002,-1.5,-1.2000000000000002
2282,0.0,0.0,0.0,0.0
2283,0.0,0.0,0.0,0.0
2284,0.0,0.0,0.0,0.0
2285,0.0,0.0,0.0,0.0
2286,0.0,0.0,0.0,0.0
2287,0.0,0.0,0.0,0.0
2288,0.0,0.0,0.0,0.0
2289,0.0,0.0,0.0,0.0
2290,0.0,0.0,0.0,0.0
2291,0.0,0.0,0.0,0.0
2292,0.0,0.0,0.0,0.0
2293,-1.42,-1.349,-1.2000000000000002,-1.4000000000000001
2294,-0.71,-0.71,-0.6000000000000001,0.78
2295,0.0,0.0,0.0,0.0
2296,0.0,0.0,0.0,0.0
2297,0.0,0.0,0.0,0.0
2298,0.0,0.0,0.0,0.0
2299,0.0,0.0,0.0,0.0
2300,0.0,0.0,0.0,0.0
2301,0.0,0.0,0.0,0.0
2302,0.0,0.0,0.0,0.0
2303,0.0,0.0,0.0,0.0
